woreda,woreda uid,zone,zone id,region,region id
Abadir,ORG00000302,Harare  ,ORG00000301,Harare,ORG00000299
Abala,ORG00000029,Awsa,ORG00000014,Afar,ORG00000013
Abaya,unZLOLtOisg,Borena  ,ORG00000361,Oromia,ORG00000311
Abaya,ORG00000635,West Guji,ORG00000631,Oromia,ORG00000311
Abay Comen,ORG00000484,Horo Guduru ,ORG00000482,Oromia,ORG00000311
Abe Dongoro,ORG00000483,Horo Guduru ,ORG00000482,Oromia,ORG00000311
Abergele,ORG00000194,Wag Hemra,ORG00000193,Amhara,ORG00000053
Abeshge,ORG00000723,Gurage  ,ORG00000719,SNNPR,ORG00000668
Abi Adi,ORG00000942,Central Tigray ,ORG00000935,Tigray,ORG00000934
Abichugna,ORG00000549,North Shoa Zone,ORG00000543,Oromia,ORG00000311
Abobo,ORG00000270,Agnua II ,ORG00000268,Gambella,ORG00000267
Aboker,ORG00000303,Harare  ,ORG00000301,Harare,ORG00000299
Abuna Gindeberet,ORG00000599,W. Shewa ,ORG00000589,Oromia,ORG00000311
Adaba,ORG00000618,West Arsi ,ORG00000613,Oromia,ORG00000311
Adadle,ORG00000919,Shebele  ,ORG00000914,Somali,ORG00000843
Adama,ORG00000426,E. Shewa ,ORG00000413,Oromia,ORG00000311
Adama Town,ORG00000415,E. Shewa ,ORG00000413,Oromia,ORG00000311
Adami Tulu,ORG00000420,E. Shewa ,ORG00000413,Oromia,ORG00000311
Adar,ORG00000018,Awsa,ORG00000014,Afar,ORG00000013
Addis Ketema,ORG00000258,Dire Dawa,ORG00000257,Dire Dawa,ORG00000256
Addis Ketema Subcity,ORG00000009,Addis Ababa,ORG00000002,Addis Ababa,ORG00000001
Adea,ORG00000414,E. Shewa ,ORG00000413,Oromia,ORG00000311
Ade'a Berga,ORG00000600,W. Shewa ,ORG00000589,Oromia,ORG00000311
Adi Arkay,ORG00000087,N. Gonder,ORG00000085,Amhara,ORG00000053
Adigrat town,ORG00000950,Eastern Tigray ,ORG00000948,Tigray,ORG00000934
Adihaki,ORG00000963,Mekele  ,ORG00000958,Tigray,ORG00000934
Adiyo,ORG00000746,Kafa  ,ORG00000743,SNNPR,ORG00000668
Adola Town,ORG00000466,Guji  ,ORG00000464,Oromia,ORG00000311
Adola Wayyu,ORG00000467,Guji  ,ORG00000464,Oromia,ORG00000311
Adwa,ORG00000939,Central Tigray ,ORG00000935,Tigray,ORG00000934
Afambo,ORG00000026,Awsa,ORG00000014,Afar,ORG00000013
Afdem,ORG00000929,Siti  ,ORG00000925,Somali,ORG00000843
Afdera,ORG00000023,Awsa,ORG00000014,Afar,ORG00000013
Agalometi,ORG00000231,Kamashi,ORG00000228,Beneshangul Gumuz,ORG00000218
Agarfa,ORG00000345,Bale  ,ORG00000340,Oromia,ORG00000311
Agaro Town,ORG00000512,Jimma  ,ORG00000508,Oromia,ORG00000311
Aga Wayu,ORG00000478,Guji  ,ORG00000464,Oromia,ORG00000311
Ahferom,ORG00000946,Central Tigray ,ORG00000935,Tigray,ORG00000934
Akaki,ORG00000460,Finfine Zuriya ,ORG00000449,Oromia,ORG00000311
Akaki Kaliti Subcity,ORG00000008,Addis Ababa,ORG00000002,Addis Ababa,ORG00000001
Akobo,ORG00000284,Nuer II ,ORG00000281,Gambella,ORG00000267
Alaje,ORG00000983,South Tigray ,ORG00000980,Tigray,ORG00000934
Alamata,ORG00000982,South Tigray ,ORG00000980,Tigray,ORG00000934
Alamata Town,ORG00000981,South Tigray ,ORG00000980,Tigray,ORG00000934
Albuko,ORG00000182,S. Wello,ORG00000170,Amhara,ORG00000053
Ale,ORG00000503,Illu Aba bora,ORG00000493,Oromia,ORG00000311
Alefa,ORG00000088,N. Gonder,ORG00000085,Amhara,ORG00000053
Aleltu,ORG00000555,North Shoa Zone,ORG00000543,Oromia,ORG00000311
Aleta Chuko (Chuko),ORG00000782,Sidama  ,ORG00000775,SNNPR,ORG00000668
Aleta Wendo Town,ORG00000777,Sidama  ,ORG00000775,SNNPR,ORG00000668
Aleta Wondo,ORG00000789,Sidama  ,ORG00000775,SNNPR,ORG00000668
Alge Sachi,ORG00000506,Illu Aba bora,ORG00000493,Oromia,ORG00000311
Alicho wuriro,ORG00000803,Silti  ,ORG00000798,SNNPR,ORG00000668
Alle,ORG00000768,Segen  ,ORG00000764,SNNPR,ORG00000668
Amaro,ORG00000767,Segen  ,ORG00000764,SNNPR,ORG00000668
Ambasel,ORG00000179,S. Wello,ORG00000170,Amhara,ORG00000053
Ambo Town,ORG00000590,W. Shewa ,ORG00000589,Oromia,ORG00000311
Ambo Zuria,ORG00000595,W. Shewa ,ORG00000589,Oromia,ORG00000311
Ameya,ORG00000563,S.W. Shewa ,ORG00000558,Oromia,ORG00000311
Amibara,ORG00000020,Awsa,ORG00000014,Afar,ORG00000013
Amigna,ORG00000321,Arsi  ,ORG00000312,Oromia,ORG00000311
Amir Nur,ORG00000304,Harare  ,ORG00000301,Harare,ORG00000299
Amuru,ORG00000485,Horo Guduru ,ORG00000482,Oromia,ORG00000311
Ancar,ORG00000576,W. Harerge ,ORG00000571,Oromia,ORG00000311
Andabet (West Estie),ORG00000163,S. Gonder,ORG00000157,Amhara,ORG00000053
Andracha,ORG00000770,Sheka  ,ORG00000769,SNNPR,ORG00000668
Aneded,ORG00000075,E. Gojam,ORG00000066,Amhara,ORG00000053
Anfilo,ORG00000536,Kelem Wellega ,ORG00000531,Oromia,ORG00000311
Angecha,ORG00000759,Kembata Tembaro ,ORG00000755,SNNPR,ORG00000668
Angolelna tera,ORG00000132,N. Shoa,ORG00000109,Amhara,ORG00000053
Angot,ORG00000147,N. Wello,ORG00000134,Amhara,ORG00000053
Ankesha Guagusa,ORG00000055,Awi,ORG00000054,Amhara,ORG00000053
Ankober,ORG00000126,N. Shoa,ORG00000109,Amhara,ORG00000053
Anlemo,ORG00000738,Hadiya  ,ORG00000731,SNNPR,ORG00000668
Anna Soraa,ORG00000468,Guji  ,ORG00000464,Oromia,ORG00000311
Antsokiagemza,ORG00000124,N. Shoa,ORG00000109,Amhara,ORG00000053
Arada Subcity,ORG00000005,Addis Ababa,ORG00000002,Addis Ababa,ORG00000001
Ararso,ORG00000861,Degehabur  ,ORG00000857,Somali,ORG00000843
Arbaminch Town,ORG00000699,Gamo Gofa ,ORG00000692,SNNPR,ORG00000668
Arbaminch zuria,ORG00000698,Gamo Gofa ,ORG00000692,SNNPR,ORG00000668
Arbegona,ORG00000776,Sidama  ,ORG00000775,SNNPR,ORG00000668
Aregoba,ORG00000017,Awsa,ORG00000014,Afar,ORG00000013
Areka Town,ORG00000830,Wolayita  ,ORG00000827,SNNPR,ORG00000668
Arero,ORG00000373,Borena  ,ORG00000361,Oromia,ORG00000311
Argoba,ORG00000186,S. Wello,ORG00000170,Amhara,ORG00000053
Aroressa,ORG00000783,Sidama  ,ORG00000775,SNNPR,ORG00000668
Arsi Negele,ORG00000630,West Arsi ,ORG00000613,Oromia,ORG00000311
Arsi Negele Town,ORG00000614,West Arsi ,ORG00000613,Oromia,ORG00000311
Artuma Fursi,ORG00000155,Oromiya ,ORG00000149,Amhara,ORG00000053
Aseko,ORG00000323,Arsi  ,ORG00000312,Oromia,ORG00000311
Asgede Tsimbla,ORG00000970,North West Tigray,ORG00000966,Tigray,ORG00000934
Asossa,ORG00000227,Asosa,ORG00000219,Beneshangul Gumuz,ORG00000218
Assagirt,ORG00000127,N. Shoa,ORG00000109,Amhara,ORG00000053
Assela Town,ORG00000316,Arsi  ,ORG00000312,Oromia,ORG00000311
Assosa Town,ORG00000220,Asosa,ORG00000219,Beneshangul Gumuz,ORG00000218
Atsibi Wonberta,ORG00000951,Eastern Tigray ,ORG00000948,Tigray,ORG00000934
Awabel,ORG00000073,E. Gojam,ORG00000066,Amhara,ORG00000053
Aware,ORG00000859,Degehabur  ,ORG00000857,Somali,ORG00000843
Awash fentale,ORG00000021,Awsa,ORG00000014,Afar,ORG00000013
Awash Town,ORG00000015,Awsa,ORG00000014,Afar,ORG00000013
Awbare,ORG00000881,Faafame  ,ORG00000874,Somali,ORG00000843
Aweday Town,ORG00000390,E. Harerge ,ORG00000388,Oromia,ORG00000311
Awra,ORG00000028,Awsa,ORG00000014,Afar,ORG00000013
Axum Town,ORG00000937,Central Tigray ,ORG00000935,Tigray,ORG00000934
Ayder,ORG00000964,Mekele  ,ORG00000958,Tigray,ORG00000934
Ayira,ORG00000646,West Wellega ,ORG00000644,Oromia,ORG00000311
Aysaeta,ORG00000027,Awsa,ORG00000014,Afar,ORG00000013
Ayshia,ORG00000927,Siti  ,ORG00000925,Somali,ORG00000843
Babile,ORG00000875,Faafame  ,ORG00000874,Somali,ORG00000843
Babile,ORG00000409,E. Harerge ,ORG00000388,Oromia,ORG00000311
Babile Town,ORG00000410,E. Harerge ,ORG00000388,Oromia,ORG00000311
Babo Gambel,ORG00000657,West Wellega ,ORG00000644,Oromia,ORG00000311
Badesa Town,ORG00000575,W. Harerge ,ORG00000571,Oromia,ORG00000311
Bahi-dar Zurya,ORG00000214,West Gojam,ORG00000201,Amhara,ORG00000053
Bahirdar City,ORG00000202,West Gojam,ORG00000201,Amhara,ORG00000053
Bako Tibe,ORG00000603,W. Shewa ,ORG00000589,Oromia,ORG00000311
Bale,ORG00000319,Arsi  ,ORG00000312,Oromia,ORG00000311
Bambasi,ORG00000224,Asosa,ORG00000219,Beneshangul Gumuz,ORG00000218
Bambasi Camp,ORG00000289,Refugee Camp,ORG00000287,Gambella,ORG00000267
Banja Shikudad,ORG00000065,Awi,ORG00000054,Amhara,ORG00000053
Barbare,ORG00000351,Bale  ,ORG00000340,Oromia,ORG00000311
Bare,ORG00000854,Afder  ,ORG00000844,Somali,ORG00000843
Basketo,ORG00000820,Special  ,ORG00000818,SNNPR,ORG00000668
Basoliben,ORG00000072,E. Gojam,ORG00000066,Amhara,ORG00000053
Baso Naworana,ORG00000133,N. Shoa,ORG00000109,Amhara,ORG00000053
Bati,ORG00000153,Oromiya ,ORG00000149,Amhara,ORG00000053
Bati Town,ORG00000150,Oromiya ,ORG00000149,Amhara,ORG00000053
Batu Town,ORG00000416,E. Shewa ,ORG00000413,Oromia,ORG00000311
Becho,ORG00000559,S.W. Shewa ,ORG00000558,Oromia,ORG00000311
Becho,ORG00000495,Illu Aba bora,ORG00000493,Oromia,ORG00000311
Bedele Rural,ORG00000382,Buno Bedele,ORG00000377,Oromia,ORG00000311
Bedele Town,ORG00000386,Buno Bedele,ORG00000377,Oromia,ORG00000311
Bedeno,ORG00000396,E. Harerge ,ORG00000388,Oromia,ORG00000311
Bedu,ORG00000033,Fanti,ORG00000031,Afar,ORG00000013
Begi,ORG00000658,West Wellega ,ORG00000644,Oromia,ORG00000311
Bekoji Town,ORG00000317,Arsi  ,ORG00000312,Oromia,ORG00000311
Belo Jegonfoy,ORG00000233,Kamashi,ORG00000228,Beneshangul Gumuz,ORG00000218
BenaTsemay,ORG00000817,South Omo ,ORG00000808,SNNPR,ORG00000668
Bensa,ORG00000779,Sidama  ,ORG00000775,SNNPR,ORG00000668
Berahle,ORG00000034,Fanti,ORG00000031,Afar,ORG00000013
Berano,ORG00000924,Shebele  ,ORG00000914,Somali,ORG00000843
Bereh,ORG00000451,Finfine Zuriya ,ORG00000449,Oromia,ORG00000311
Berehet,ORG00000118,N. Shoa,ORG00000109,Amhara,ORG00000053
Bero,ORG00000677,Bench Maji ,ORG00000669,SNNPR,ORG00000668
Beyeda,ORG00000107,N. Gonder,ORG00000085,Amhara,ORG00000053
Bibugn,ORG00000071,E. Gojam,ORG00000066,Amhara,ORG00000053
Bilo Nopa,ORG00000500,Illu Aba bora,ORG00000493,Oromia,ORG00000311
Birbirsa Kojowa,ORG00000637,West Guji,ORG00000631,Oromia,ORG00000311
Birqot,ORG00000862,Degehabur  ,ORG00000857,Somali,ORG00000843
Bishan Guracha Town,ORG00000615,West Arsi ,ORG00000613,Oromia,ORG00000311
Bishoftu Town,ORG00000417,E. Shewa ,ORG00000413,Oromia,ORG00000311
Bitta,ORG00000750,Kafa  ,ORG00000743,SNNPR,ORG00000668
Biyo Awale,ORG00000259,Dire Dawa,ORG00000257,Dire Dawa,ORG00000256
Boditi Town,ORG00000831,Wolayita  ,ORG00000827,SNNPR,ORG00000668
Bodji Chokorsa,ORG00000649,West Wellega ,ORG00000644,Oromia,ORG00000311
Bodji Dirmeji,ORG00000653,West Wellega ,ORG00000644,Oromia,ORG00000311
Boke,ORG00000579,W. Harerge ,ORG00000571,Oromia,ORG00000311
Bokh,ORG00000869,Dollo  ,ORG00000868,Somali,ORG00000843
Bolle Subcity,ORG00000007,Addis Ababa,ORG00000002,Addis Ababa,ORG00000001
Boloso Bombe,ORG00000842,Wolayita  ,ORG00000827,SNNPR,ORG00000668
Boloso Sore,ORG00000838,Wolayita  ,ORG00000827,SNNPR,ORG00000668
Bona Zurya,ORG00000781,Sidama  ,ORG00000775,SNNPR,ORG00000668
Boneya Bushe,ORG00000433,E. Wellega ,ORG00000431,Oromia,ORG00000311
Bonga,ORG00000751,Kafa  ,ORG00000743,SNNPR,ORG00000668
Bonke,ORG00000706,Gamo Gofa ,ORG00000692,SNNPR,ORG00000668
Bora,ORG00000421,E. Shewa ,ORG00000413,Oromia,ORG00000311
Bore,ORG00000473,Guji  ,ORG00000464,Oromia,ORG00000311
Borecha,ORG00000387,Buno Bedele,ORG00000377,Oromia,ORG00000311
Boreda,ORG00000700,Gamo Gofa ,ORG00000692,SNNPR,ORG00000668
Boricha,ORG00000788,Sidama  ,ORG00000775,SNNPR,ORG00000668
Boset,ORG00000427,E. Shewa ,ORG00000413,Oromia,ORG00000311
Boter Tolay,ORG00000526,Jimma  ,ORG00000508,Oromia,ORG00000311
Bugna,ORG00000137,N. Wello,ORG00000134,Amhara,ORG00000053
Bule Hora,ORG00000641,West Guji,ORG00000631,Oromia,ORG00000311
Bule Hora Town,ORG00000642,West Guji,ORG00000631,Oromia,ORG00000311
Bulle,ORG00000713,Gedio  ,ORG00000710,SNNPR,ORG00000668
Bullen,ORG00000237,Metekel,ORG00000234,Beneshangul Gumuz,ORG00000218
Burayu Town,ORG00000452,Finfine Zuriya ,ORG00000449,Oromia,ORG00000311
Bure,ORG00000507,Illu Aba bora,ORG00000493,Oromia,ORG00000311
Buremodaytu,ORG00000032,Fanti,ORG00000031,Afar,ORG00000013
Bure Town,ORG00000209,West Gojam,ORG00000201,Amhara,ORG00000053
Bure Zuria,ORG00000211,West Gojam,ORG00000201,Amhara,ORG00000053
Burji,ORG00000766,Segen  ,ORG00000764,SNNPR,ORG00000668
Burka dhintu,ORG00000572,W. Harerge ,ORG00000571,Oromia,ORG00000311
Bursa,ORG00000780,Sidama  ,ORG00000775,SNNPR,ORG00000668
Butajira Town,ORG00000721,Gurage  ,ORG00000719,SNNPR,ORG00000668
Celewyane,ORG00000918,Shebele  ,ORG00000914,Somali,ORG00000843
Chagni Town,ORG00000059,Awi,ORG00000054,Amhara,ORG00000053
Cheha,ORG00000729,Gurage  ,ORG00000719,SNNPR,ORG00000668
Chelia,ORG00000611,W. Shewa ,ORG00000589,Oromia,ORG00000311
Chena,ORG00000748,Kafa  ,ORG00000743,SNNPR,ORG00000668
Chencha,ORG00000697,Gamo Gofa ,ORG00000692,SNNPR,ORG00000668
Chereti,ORG00000848,Afder  ,ORG00000844,Somali,ORG00000843
Cheta,ORG00000753,Kafa  ,ORG00000743,SNNPR,ORG00000668
Chewaka,ORG00000381,Buno Bedele,ORG00000377,Oromia,ORG00000311
Chifra,ORG00000019,Awsa,ORG00000014,Afar,ORG00000013
Chilga,ORG00000105,N. Gonder,ORG00000085,Amhara,ORG00000053
Chinaksen,ORG00000394,E. Harerge ,ORG00000388,Oromia,ORG00000311
Chire,ORG00000785,Sidama  ,ORG00000775,SNNPR,ORG00000668
Chiro,ORG00000573,W. Harerge ,ORG00000571,Oromia,ORG00000311
Chiro Town,ORG00000577,W. Harerge ,ORG00000571,Oromia,ORG00000311
Chobi,ORG00000608,W. Shewa ,ORG00000589,Oromia,ORG00000311
Chole,ORG00000324,Arsi  ,ORG00000312,Oromia,ORG00000311
Chora,ORG00000378,Buno Bedele,ORG00000377,Oromia,ORG00000311
Chora Botor,ORG00000525,Jimma  ,ORG00000508,Oromia,ORG00000311
Dabat,ORG00000093,N. Gonder,ORG00000085,Amhara,ORG00000053
Dabo Hana,ORG00000383,Buno Bedele,ORG00000377,Oromia,ORG00000311
Dalanta,ORG00000183,S. Wello,ORG00000170,Amhara,ORG00000053
Dale,ORG00000784,Sidama  ,ORG00000775,SNNPR,ORG00000668
Dale sedi,ORG00000540,Kelem Wellega ,ORG00000531,Oromia,ORG00000311
Dale Wabera,ORG00000535,Kelem Wellega ,ORG00000531,Oromia,ORG00000311
Dalifage,ORG00000038,Gabi,ORG00000035,Afar,ORG00000013
Dalocha,ORG00000799,Silti  ,ORG00000798,SNNPR,ORG00000668
Dalul,ORG00000036,Gabi,ORG00000035,Afar,ORG00000013
Dama,ORG00000472,Guji  ,ORG00000464,Oromia,ORG00000311
Dambal,ORG00000928,Siti  ,ORG00000925,Somali,ORG00000843
Dambi Dolo,ORG00000534,Kelem Wellega ,ORG00000531,Oromia,ORG00000311
Damboya,ORG00000763,Kembata Tembaro ,ORG00000755,SNNPR,ORG00000668
Damot Gale,ORG00000840,Wolayita  ,ORG00000827,SNNPR,ORG00000668
Damot Pullassa,ORG00000835,Wolayita  ,ORG00000827,SNNPR,ORG00000668
Damot Sore,ORG00000828,Wolayita  ,ORG00000827,SNNPR,ORG00000668
Damot Woyde,ORG00000833,Wolayita  ,ORG00000827,SNNPR,ORG00000668
Dangila,ORG00000060,Awi,ORG00000054,Amhara,ORG00000053
Dangla Town,ORG00000064,Awi,ORG00000054,Amhara,ORG00000053
Dangure,ORG00000235,Metekel,ORG00000234,Beneshangul Gumuz,ORG00000218
Dano,ORG00000598,W. Shewa ,ORG00000589,Oromia,ORG00000311
Danot,ORG00000871,Dollo  ,ORG00000868,Somali,ORG00000843
Dara,ORG00000790,Sidama  ,ORG00000775,SNNPR,ORG00000668
Daratole,ORG00000872,Dollo  ,ORG00000868,Somali,ORG00000843
Darimu,ORG00000494,Illu Aba bora,ORG00000493,Oromia,ORG00000311
Daro Lebu,ORG00000574,W. Harerge ,ORG00000571,Oromia,ORG00000311
Daror,ORG00000864,Degehabur  ,ORG00000857,Somali,ORG00000843
Dasenech,ORG00000812,South Omo ,ORG00000808,SNNPR,ORG00000668
Dawa chefa,ORG00000154,Oromiya ,ORG00000149,Amhara,ORG00000053
Dawe Harwa,ORG00000151,Oromiya ,ORG00000149,Amhara,ORG00000053
Dawe Kachen,ORG00000352,Bale  ,ORG00000340,Oromia,ORG00000311
Dawe sarar,ORG00000346,Bale  ,ORG00000340,Oromia,ORG00000311
Dawo,ORG00000564,S.W. Shewa ,ORG00000558,Oromia,ORG00000311
Dawunt,ORG00000140,N. Wello,ORG00000134,Amhara,ORG00000053
Debark,ORG00000086,N. Gonder,ORG00000085,Amhara,ORG00000053
Debark town,ORG00000089,N. Gonder,ORG00000085,Amhara,ORG00000053
Debay Tilatgen,ORG00000067,E. Gojam,ORG00000066,Amhara,ORG00000053
Debere Sina,ORG00000189,S. Wello,ORG00000170,Amhara,ORG00000053
Debirebirhan,ORG00000119,N. Shoa,ORG00000109,Amhara,ORG00000053
Debre Elias,ORG00000069,E. Gojam,ORG00000066,Amhara,ORG00000053
Debre Libanos,ORG00000548,North Shoa Zone,ORG00000543,Oromia,ORG00000311
Debre Markos,ORG00000074,E. Gojam,ORG00000066,Amhara,ORG00000053
Debre Tabor,ORG00000160,S. Gonder,ORG00000157,Amhara,ORG00000053
Decha,ORG00000749,Kafa  ,ORG00000743,SNNPR,ORG00000668
Deddo,ORG00000527,Jimma  ,ORG00000508,Oromia,ORG00000311
Deder,ORG00000402,E. Harerge ,ORG00000388,Oromia,ORG00000311
Deder Town,ORG00000391,E. Harerge ,ORG00000388,Oromia,ORG00000311
Dega,ORG00000379,Buno Bedele,ORG00000377,Oromia,ORG00000311
Dega Damot,ORG00000206,West Gojam,ORG00000201,Amhara,ORG00000053
Degahabure,ORG00000863,Degehabur  ,ORG00000857,Somali,ORG00000843
Degahabure Town,ORG00000860,Degehabur  ,ORG00000857,Somali,ORG00000843
Degahmadow,ORG00000858,Degehabur  ,ORG00000857,Somali,ORG00000843
Degem,ORG00000554,North Shoa Zone,ORG00000543,Oromia,ORG00000311
Degua Temben,ORG00000977,South East ,ORG00000975,Tigray,ORG00000934
Dehana,ORG00000200,Wag Hemra,ORG00000193,Amhara,ORG00000053
Dejen,ORG00000070,E. Gojam,ORG00000066,Amhara,ORG00000053
Deka suftu,ORG00000900,Liban  ,ORG00000896,Somali,ORG00000843
Delo Mena,ORG00000358,Bale  ,ORG00000340,Oromia,ORG00000311
Demba Gofa,ORG00000701,Gamo Gofa ,ORG00000692,SNNPR,ORG00000668
Dembia,ORG00000091,N. Gonder,ORG00000085,Amhara,ORG00000053
Demibecha,ORG00000217,West Gojam,ORG00000201,Amhara,ORG00000053
Dendi,ORG00000605,W. Shewa ,ORG00000589,Oromia,ORG00000311
Dera,ORG00000169,S. Gonder,ORG00000157,Amhara,ORG00000053
Derashe,ORG00000765,Segen  ,ORG00000764,SNNPR,ORG00000668
Dermalo,ORG00000704,Gamo Gofa ,ORG00000692,SNNPR,ORG00000668
Derra,ORG00000551,North Shoa Zone,ORG00000543,Oromia,ORG00000311
Dessie Town,ORG00000191,S. Wello,ORG00000170,Amhara,ORG00000053
Dessie zuria,ORG00000190,S. Wello,ORG00000170,Amhara,ORG00000053
Dewe,ORG00000039,Gabi,ORG00000035,Afar,ORG00000013
Dhanan,ORG00000923,Shebele  ,ORG00000914,Somali,ORG00000843
Dhas,ORG00000371,Borena  ,ORG00000361,Oromia,ORG00000311
Dibate,ORG00000239,Metekel,ORG00000234,Beneshangul Gumuz,ORG00000218
Didu,ORG00000499,Illu Aba bora,ORG00000493,Oromia,ORG00000311
Diediesa,ORG00000380,Buno Bedele,ORG00000377,Oromia,ORG00000311
Diga,ORG00000430,E. Wellega ,ORG00000431,Oromia,ORG00000311
Digelu & Tijo,ORG00000322,Arsi  ,ORG00000312,Oromia,ORG00000311
Diksis,ORG00000318,Arsi  ,ORG00000312,Oromia,ORG00000311
Dilla Town,ORG00000716,Gedio  ,ORG00000710,SNNPR,ORG00000668
Dilla Zurya,ORG00000714,Gedio  ,ORG00000710,SNNPR,ORG00000668
Dillo,ORG00000367,Borena  ,ORG00000361,Oromia,ORG00000311
Dimma,ORG00000271,Agnua II ,ORG00000268,Gambella,ORG00000267
Dinsho,ORG00000347,Bale  ,ORG00000340,Oromia,ORG00000311
Dire,ORG00000364,Borena  ,ORG00000361,Oromia,ORG00000311
Dire,ORG00000366,Borena  ,ORG00000361,Oromia,ORG00000311
Dire Dawa,ORG00000266,Dire Dawa,ORG00000257,Dire Dawa,ORG00000256
Dire Inchini (Tikur Inchini),ORG00000594,W. Shewa ,ORG00000589,Oromia,ORG00000311
Dire Teyara,ORG00000305,Harare  ,ORG00000301,Harare,ORG00000299
Dita,ORG00000695,Gamo Gofa ,ORG00000692,SNNPR,ORG00000668
Doba,ORG00000582,W. Harerge ,ORG00000571,Oromia,ORG00000311
Dobowayn,ORG00000895,Korahe  ,ORG00000889,Somali,ORG00000843
Dodola,ORG00000623,West Arsi ,ORG00000613,Oromia,ORG00000311
Dodola Town,ORG00000616,West Arsi ,ORG00000613,Oromia,ORG00000311
Dodota,ORG00000326,Arsi  ,ORG00000312,Oromia,ORG00000311
Doloado,ORG00000897,Liban  ,ORG00000896,Somali,ORG00000843
Dolobay,ORG00000849,Afder  ,ORG00000844,Somali,ORG00000843
Doreni,ORG00000498,Illu Aba bora,ORG00000493,Oromia,ORG00000311
Doyogena,ORG00000760,Kembata Tembaro ,ORG00000755,SNNPR,ORG00000668
Dubluk,ORG00000368,Borena  ,ORG00000361,Oromia,ORG00000311
Dubti,ORG00000025,Awsa,ORG00000014,Afar,ORG00000013
Dugda,ORG00000425,E. Shewa ,ORG00000413,Oromia,ORG00000311
Dugda Dawa,ORG00000633,West Guji,ORG00000631,Oromia,ORG00000311
Duguna Fango,ORG00000834,Wolayita  ,ORG00000827,SNNPR,ORG00000668
Duhun,ORG00000908,Nogobo  ,ORG00000904,Somali,ORG00000843
Dukem Town,ORG00000453,Finfine Zuriya ,ORG00000449,Oromia,ORG00000311
Dulech,ORG00000037,Gabi,ORG00000035,Afar,ORG00000013
Duna,ORG00000737,Hadiya  ,ORG00000731,SNNPR,ORG00000668
Durame Town,ORG00000758,Kembata Tembaro ,ORG00000755,SNNPR,ORG00000668
East Belesa,ORG00000108,N. Gonder,ORG00000085,Amhara,ORG00000053
East Emi,ORG00000920,Shebele  ,ORG00000914,Somali,ORG00000843
Ebantu,ORG00000448,E. Wellega ,ORG00000431,Oromia,ORG00000311
Ebinat,ORG00000162,S. Gonder,ORG00000157,Amhara,ORG00000053
Efratanagidem,ORG00000114,N. Shoa,ORG00000109,Amhara,ORG00000053
Ejere,ORG00000597,W. Shewa ,ORG00000589,Oromia,ORG00000311
Ejersa Lafo,ORG00000606,W. Shewa ,ORG00000589,Oromia,ORG00000311
Elfeta,ORG00000592,W. Shewa ,ORG00000589,Oromia,ORG00000311
Elidar,ORG00000030,Awsa,ORG00000014,Afar,ORG00000013
Eliwaye,ORG00000370,Borena  ,ORG00000361,Oromia,ORG00000311
Elkere,ORG00000853,Afder  ,ORG00000844,Somali,ORG00000843
Elu,ORG00000565,S.W. Shewa ,ORG00000558,Oromia,ORG00000311
Enarje Enawuga,ORG00000081,E. Gojam,ORG00000066,Amhara,ORG00000053
Enda mohoni,ORG00000985,South Tigray ,ORG00000980,Tigray,ORG00000934
Endegagn,ORG00000826,West Gurage ,ORG00000825,SNNPR,ORG00000668
Enderta,ORG00000979,South East ,ORG00000975,Tigray,ORG00000934
Enebsie Sarmeder,ORG00000078,E. Gojam,ORG00000066,Amhara,ORG00000053
Enemay,ORG00000077,E. Gojam,ORG00000066,Amhara,ORG00000053
Enemorna Ener,ORG00000730,Gurage  ,ORG00000719,SNNPR,ORG00000668
Enkelo Wabe,ORG00000320,Arsi  ,ORG00000312,Oromia,ORG00000311
Ensaro,ORG00000130,N. Shoa,ORG00000109,Amhara,ORG00000053
Erebti,ORG00000044,Harri,ORG00000040,Afar,ORG00000013
Erer,ORG00000931,Siti  ,ORG00000925,Somali,ORG00000843
Erer,ORG00000306,Harare  ,ORG00000301,Harare,ORG00000299
Erob,ORG00000949,Eastern Tigray ,ORG00000948,Tigray,ORG00000934
Essera,ORG00000682,Dawro  ,ORG00000681,SNNPR,ORG00000668
Estie (East Estie),ORG00000167,S. Gonder,ORG00000157,Amhara,ORG00000053
Ewa,ORG00000043,Harri,ORG00000040,Afar,ORG00000013
Ezha,ORG00000720,Gurage  ,ORG00000719,SNNPR,ORG00000668
Fagita Lekoma,ORG00000062,Awi,ORG00000054,Amhara,ORG00000053
Farta,ORG00000158,S. Gonder,ORG00000157,Amhara,ORG00000053
Fedis,ORG00000398,E. Harerge ,ORG00000388,Oromia,ORG00000311
Fentale,ORG00000424,E. Shewa ,ORG00000413,Oromia,ORG00000311
Ferfer,ORG00000922,Shebele  ,ORG00000914,Somali,ORG00000843
Fiche Town,ORG00000552,North Shoa Zone,ORG00000543,Oromia,ORG00000311
Fik,ORG00000913,Nogobo  ,ORG00000904,Somali,ORG00000843
Filtu,ORG00000901,Liban  ,ORG00000896,Somali,ORG00000843
Finote Selam,ORG00000213,West Gojam,ORG00000201,Amhara,ORG00000053
Fogera,ORG00000168,S. Gonder,ORG00000157,Amhara,ORG00000053
Gablalu,ORG00000933,Siti  ,ORG00000925,Somali,ORG00000843
Gadeb Asasa,ORG00000617,West Arsi ,ORG00000613,Oromia,ORG00000311
Galadin,ORG00000870,Dollo  ,ORG00000868,Somali,ORG00000843
Gambela Town,ORG00000275,Gambella,ORG00000274,Gambella,ORG00000267
Gambella,ORG00000269,Agnua II ,ORG00000268,Gambella,ORG00000267
Ganta Afeshum,ORG00000953,Eastern Tigray ,ORG00000948,Tigray,ORG00000934
Garbo,ORG00000909,Nogobo  ,ORG00000904,Somali,ORG00000843
Gasara,ORG00000355,Bale  ,ORG00000340,Oromia,ORG00000311
Gashamo,ORG00000867,Degehabur  ,ORG00000857,Somali,ORG00000843
Gawo Kebe,ORG00000537,Kelem Wellega ,ORG00000531,Oromia,ORG00000311
Gazgibla,ORG00000199,Wag Hemra,ORG00000193,Amhara,ORG00000053
Gazo,ORG00000148,N. Wello,ORG00000134,Amhara,ORG00000053
Gechi,ORG00000385,Buno Bedele,ORG00000377,Oromia,ORG00000311
Gedeb,ORG00000711,Gedio  ,ORG00000710,SNNPR,ORG00000668
Gedebano Gutazer Welen (Kokir),ORG00000724,Gurage  ,ORG00000719,SNNPR,ORG00000668
Gelana,gffPrSLK5g5,Borena  ,ORG00000361,Oromia,ORG00000311
Gelana,ORG00000632,West Guji,ORG00000631,Oromia,ORG00000311
Gelan Town,ORG00000454,Finfine Zuriya ,ORG00000449,Oromia,ORG00000311
Gemechis,ORG00000585,W. Harerge ,ORG00000571,Oromia,ORG00000311
Gena-Bossa,ORG00000685,Dawro  ,ORG00000681,SNNPR,ORG00000668
Gendawuha,ORG00000090,N. Gonder,ORG00000085,Amhara,ORG00000053
Gendo Kore,ORG00000260,Dire Dawa,ORG00000257,Dire Dawa,ORG00000256
Genji,ORG00000663,West Wellega ,ORG00000644,Oromia,ORG00000311
Gera,ORG00000516,Jimma  ,ORG00000508,Oromia,ORG00000311
Gesha,ORG00000747,Kafa  ,ORG00000743,SNNPR,ORG00000668
Geshe,ORG00000110,N. Shoa,ORG00000109,Amhara,ORG00000053
Geta,ORG00000727,Gurage  ,ORG00000719,SNNPR,ORG00000668
Geter Adwa,ORG00000945,Central Tigray ,ORG00000935,Tigray,ORG00000934
Gewane,ORG00000042,Harri,ORG00000040,Afar,ORG00000013
Gewata,ORG00000752,Kafa  ,ORG00000743,SNNPR,ORG00000668
Gezie Gofa,ORG00000694,Gamo Gofa ,ORG00000692,SNNPR,ORG00000668
Gibe,ORG00000740,Hadiya  ,ORG00000731,SNNPR,ORG00000668
Gida Ayyana,ORG00000442,E. Wellega ,ORG00000431,Oromia,ORG00000311
Gidami,ORG00000538,Kelem Wellega ,ORG00000531,Oromia,ORG00000311
Gidan,ORG00000144,N. Wello,ORG00000134,Amhara,ORG00000053
Gimbichu,ORG00000422,E. Shewa ,ORG00000413,Oromia,ORG00000311
Gimbi Rural,ORG00000661,West Wellega ,ORG00000644,Oromia,ORG00000311
Gimbi Town,ORG00000647,West Wellega ,ORG00000644,Oromia,ORG00000311
Gimbo,ORG00000754,Kafa  ,ORG00000743,SNNPR,ORG00000668
Gindeberet,ORG00000604,W. Shewa ,ORG00000589,Oromia,ORG00000311
Ginir,ORG00000353,Bale  ,ORG00000340,Oromia,ORG00000311
Ginir Town,BhTPDLSPFsy,Bale  ,ORG00000340,Oromia,ORG00000311
Girar Jarso,ORG00000553,North Shoa Zone,ORG00000543,Oromia,ORG00000311
Girja,ORG00000471,Guji  ,ORG00000464,Oromia,ORG00000311
Glomekeda,ORG00000952,Eastern Tigray ,ORG00000948,Tigray,ORG00000934
Goba,ORG00000354,Bale  ,ORG00000340,Oromia,ORG00000311
Goba Town,ORG00000342,Bale  ,ORG00000340,Oromia,ORG00000311
Gobmora,ORG00000739,Hadiya  ,ORG00000731,SNNPR,ORG00000668
Gode,ORG00000915,Shebele  ,ORG00000914,Somali,ORG00000843
Godere,ORG00000280,Mejang  ,ORG00000278,Gambella,ORG00000267
Gode Town,ORG00000916,Shebele  ,ORG00000914,Somali,ORG00000843
God-god,ORG00000855,Afder  ,ORG00000844,Somali,ORG00000843
Gog,ORG00000273,Agnua II ,ORG00000268,Gambella,ORG00000267
Gola oda,ORG00000403,E. Harerge ,ORG00000388,Oromia,ORG00000311
Goljano,ORG00000877,Faafame  ,ORG00000874,Somali,ORG00000843
Gololcha,ORG00000359,Bale  ,ORG00000340,Oromia,ORG00000311
Gololcha,ORG00000338,Arsi  ,ORG00000312,Oromia,ORG00000311
Gomma,ORG00000511,Jimma  ,ORG00000508,Oromia,ORG00000311
Gomole,ORG00000376,Borena  ,ORG00000361,Oromia,ORG00000311
Gonchasieso enesie,ORG00000082,E. Gojam,ORG00000066,Amhara,ORG00000053
Gonder town,ORG00000103,N. Gonder,ORG00000085,Amhara,ORG00000053
Gonder Zuriya,ORG00000092,N. Gonder,ORG00000085,Amhara,ORG00000053
Gongi Kolela,ORG00000215,West Gojam,ORG00000201,Amhara,ORG00000053
Goraboqaksa,ORG00000851,Afder  ,ORG00000844,Somali,ORG00000843
Gorche,ORG00000787,Sidama  ,ORG00000775,SNNPR,ORG00000668
Goro,ORG00000570,S.W. Shewa ,ORG00000558,Oromia,ORG00000311
Goro,ORG00000360,Bale  ,ORG00000340,Oromia,ORG00000311
Goro Dola,ORG00000469,Guji  ,ORG00000464,Oromia,ORG00000311
Goro gutu,ORG00000399,E. Harerge ,ORG00000388,Oromia,ORG00000311
Goro Muti,ORG00000412,E. Harerge ,ORG00000388,Oromia,ORG00000311
Gozamen,ORG00000080,E. Gojam,ORG00000066,Amhara,ORG00000053
Guagusa Shikudad,ORG00000057,Awi,ORG00000054,Amhara,ORG00000053
Guangua,ORG00000063,Awi,ORG00000054,Amhara,ORG00000053
Guba,ORG00000238,Metekel,ORG00000234,Beneshangul Gumuz,ORG00000218
Guba Koricha,ORG00000583,W. Harerge ,ORG00000571,Oromia,ORG00000311
Gubalafto,ORG00000143,N. Wello,ORG00000134,Amhara,ORG00000053
Gubu Sayo,ORG00000446,E. Wellega ,ORG00000431,Oromia,ORG00000311
Guchi,ORG00000372,Borena  ,ORG00000361,Oromia,ORG00000311
Gudaya Bila,ORG00000443,E. Wellega ,ORG00000431,Oromia,ORG00000311
Guduru,ORG00000491,Horo Guduru ,ORG00000482,Oromia,ORG00000311
Gulelie Subcity,ORG00000003,Addis Ababa,ORG00000002,Addis Ababa,ORG00000001
Gulina,ORG00000045,Harri,ORG00000040,Afar,ORG00000013
Guliso,ORG00000662,West Wellega ,ORG00000644,Oromia,ORG00000311
Gumbi Bordede,ORG00000587,W. Harerge ,ORG00000571,Oromia,ORG00000311
Gumi Eldalo,ORG00000475,Guji  ,ORG00000464,Oromia,ORG00000311
Gumma,ORG00000515,Jimma  ,ORG00000508,Oromia,ORG00000311
Gummer,ORG00000728,Gurage  ,ORG00000719,SNNPR,ORG00000668
Guna,ORG00000313,Arsi  ,ORG00000312,Oromia,ORG00000311
Gunagado,ORG00000865,Degehabur  ,ORG00000857,Somali,ORG00000843
Guradamole,ORG00000845,Afder  ,ORG00000844,Somali,ORG00000843
Gura Dhamole,ORG00000348,Bale  ,ORG00000340,Oromia,ORG00000311
Gura ferda,ORG00000671,Bench Maji ,ORG00000669,SNNPR,ORG00000668
Gurawa,ORG00000401,E. Harerge ,ORG00000388,Oromia,ORG00000311
Gursum,ORG00000876,Faafame  ,ORG00000874,Somali,ORG00000843
Gursum,ORG00000405,E. Harerge ,ORG00000388,Oromia,ORG00000311
Guto Gida,ORG00000445,E. Wellega ,ORG00000431,Oromia,ORG00000311
Hababo Guduru,ORG00000492,Horo Guduru ,ORG00000482,Oromia,ORG00000311
Habro,ORG00000580,W. Harerge ,ORG00000571,Oromia,ORG00000311
Habru,ORG00000139,N. Wello,ORG00000134,Amhara,ORG00000053
Hadaleelila,ORG00000041,Harri,ORG00000040,Afar,ORG00000013
Hadero Tunto Zuria,ORG00000757,Kembata Tembaro ,ORG00000755,SNNPR,ORG00000668
Hadhagala,ORG00000932,Siti  ,ORG00000925,Somali,ORG00000843
Hadnet,ORG00000965,Mekele  ,ORG00000958,Tigray,ORG00000934
Hageremariam,ORG00000111,N. Shoa,ORG00000109,Amhara,ORG00000053
Hakim,ORG00000307,Harare  ,ORG00000301,Harare,ORG00000299
Halaba Rural,ORG00000823,Special  ,ORG00000818,SNNPR,ORG00000668
Halaba Town,ORG00000824,Special  ,ORG00000818,SNNPR,ORG00000668
Hamaro,ORG00000907,Nogobo  ,ORG00000904,Somali,ORG00000843
Hambala wamana,ORG00000636,West Guji,ORG00000631,Oromia,ORG00000311
Hammer,ORG00000810,South Omo ,ORG00000808,SNNPR,ORG00000668
Haramaya,ORG00000395,E. Harerge ,ORG00000388,Oromia,ORG00000311
Harana Buluk,ORG00000357,Bale  ,ORG00000340,Oromia,ORG00000311
Harawa,ORG00000882,Faafame  ,ORG00000874,Somali,ORG00000843
Hargele,ORG00000846,Afder  ,ORG00000844,Somali,ORG00000843
Haro Limu,ORG00000440,E. Wellega ,ORG00000431,Oromia,ORG00000311
Haromaya Town,ORG00000392,E. Harerge ,ORG00000388,Oromia,ORG00000311
Harorays,ORG00000888,Faafame  ,ORG00000874,Somali,ORG00000843
Haro Wolabu,ORG00000476,Guji  ,ORG00000464,Oromia,ORG00000311
Harshim,ORG00000879,Faafame  ,ORG00000874,Somali,ORG00000843
Haru,ORG00000656,West Wellega ,ORG00000644,Oromia,ORG00000311
Hawa Gelan,ORG00000541,Kelem Wellega ,ORG00000531,Oromia,ORG00000311
Hawasa Zuria,ORG00000786,Sidama  ,ORG00000775,SNNPR,ORG00000668
Hawassa City Aministration,ORG00000778,Sidama  ,ORG00000775,SNNPR,ORG00000668
Hawelti,ORG00000960,Mekele  ,ORG00000958,Tigray,ORG00000934
Hawi Gudina,ORG00000584,W. Harerge ,ORG00000571,Oromia,ORG00000311
Hawzien,ORG00000955,Eastern Tigray ,ORG00000948,Tigray,ORG00000934
Heben Arsi,ORG00000629,West Arsi ,ORG00000613,Oromia,ORG00000311
Hetosa,ORG00000325,Arsi  ,ORG00000312,Oromia,ORG00000311
Hidhabu Abote,ORG00000550,North Shoa Zone,ORG00000543,Oromia,ORG00000311
Hintalo-Wojerat,ORG00000978,South East ,ORG00000975,Tigray,ORG00000934
Holota,ORG00000455,Finfine Zuriya ,ORG00000449,Oromia,ORG00000311
Homa,ORG00000648,West Wellega ,ORG00000644,Oromia,ORG00000311
Homosha,ORG00000225,Asosa,ORG00000219,Beneshangul Gumuz,ORG00000218
Horo,ORG00000486,Horo Guduru ,ORG00000482,Oromia,ORG00000311
Hossana Town,ORG00000733,Hadiya  ,ORG00000731,SNNPR,ORG00000668
Hudet,ORG00000899,Liban  ,ORG00000896,Somali,ORG00000843
Huka Halu,ORG00000497,Illu Aba bora,ORG00000493,Oromia,ORG00000311
Hula,ORG00000795,Sidama  ,ORG00000775,SNNPR,ORG00000668
Hulbarg,ORG00000802,Silti  ,ORG00000798,SNNPR,ORG00000668
Huletejuenesie,ORG00000076,E. Gojam,ORG00000066,Amhara,ORG00000053
Humbo,ORG00000836,Wolayita  ,ORG00000827,SNNPR,ORG00000668
Hurumu,ORG00000505,Illu Aba bora,ORG00000493,Oromia,ORG00000311
Ilu Gelan,ORG00000591,W. Shewa ,ORG00000589,Oromia,ORG00000311
Injibara Town,ORG00000058,Awi,ORG00000054,Amhara,ORG00000053
Itang,ORG00000277,Itang  ,ORG00000276,Gambella,ORG00000267
Jabi Tehinan,ORG00000203,West Gojam,ORG00000201,Amhara,ORG00000053
Jama,ORG00000185,S. Wello,ORG00000170,Amhara,ORG00000053
Janamora,ORG00000099,N. Gonder,ORG00000085,Amhara,ORG00000053
Jardega jarte,ORG00000489,Horo Guduru ,ORG00000482,Oromia,ORG00000311
Jarso,ORG00000645,West Wellega ,ORG00000644,Oromia,ORG00000311
Jarso,ORG00000406,E. Harerge ,ORG00000388,Oromia,ORG00000311
Jawi,ORG00000061,Awi,ORG00000054,Amhara,ORG00000053
Jeju,ORG00000337,Arsi  ,ORG00000312,Oromia,ORG00000311
Jeldesa,ORG00000261,Dire Dawa,ORG00000257,Dire Dawa,ORG00000256
Jeldu,ORG00000607,W. Shewa ,ORG00000589,Oromia,ORG00000311
Jenela,ORG00000308,Harare  ,ORG00000301,Harare,ORG00000299
Jewi Camp,ORG00000295,Refugee Camp,ORG00000287,Gambella,ORG00000267
Jibat,ORG00000601,W. Shewa ,ORG00000589,Oromia,ORG00000311
Jidda,ORG00000546,North Shoa Zone,ORG00000543,Oromia,ORG00000311
Jijiga Rural,LtZ56CsALRI,Faafame  ,ORG00000874,Somali,ORG00000843
Jijiga Town,ORG00000878,Faafame  ,ORG00000874,Somali,ORG00000843
Jikawo,ORG00000285,Nuer II ,ORG00000281,Gambella,ORG00000267
Jille Timuga,ORG00000152,Oromiya ,ORG00000149,Amhara,ORG00000053
Jima Arjo,ORG00000439,E. Wellega ,ORG00000431,Oromia,ORG00000311
Jimma Ganati,ORG00000488,Horo Guduru ,ORG00000482,Oromia,ORG00000311
Jimma Horo,ORG00000539,Kelem Wellega ,ORG00000531,Oromia,ORG00000311
Jimma Rare,ORG00000490,Horo Guduru ,ORG00000482,Oromia,ORG00000311
Jimma Town,ORG00000513,Jimma  ,ORG00000508,Oromia,ORG00000311
Jinka Town,ORG00000809,South Omo ,ORG00000808,SNNPR,ORG00000668
Jor,ORG00000272,Agnua II ,ORG00000268,Gambella,ORG00000267
Kacha Birra,ORG00000756,Kembata Tembaro ,ORG00000755,SNNPR,ORG00000668
Kafta Humera,ORG00000991,West Tigray ,ORG00000989,Tigray,ORG00000934
Kallu,ORG00000175,S. Wello,ORG00000170,Amhara,ORG00000053
Kamashi,ORG00000230,Kamashi,ORG00000228,Beneshangul Gumuz,ORG00000218
Karsa dula baliad,ORG00000852,Afder  ,ORG00000844,Somali,ORG00000843
Kebena,ORG00000726,Gurage  ,ORG00000719,SNNPR,ORG00000668
Kebribeyah,ORG00000884,Faafame  ,ORG00000874,Somali,ORG00000843
Kebribeyah Town,ORG00000886,Faafame  ,ORG00000874,Somali,ORG00000843
Kebridahar,ORG00000892,Korahe  ,ORG00000889,Somali,ORG00000843
Kebridehar Town,ORG00000890,Korahe  ,ORG00000889,Somali,ORG00000843
kedamay Woyane,ORG00000962,Mekele  ,ORG00000958,Tigray,ORG00000934
Kedida Gamela,ORG00000762,Kembata Tembaro ,ORG00000755,SNNPR,ORG00000668
Kelafo,ORG00000921,Shebele  ,ORG00000914,Somali,ORG00000843
Kelala,ORG00000174,S. Wello,ORG00000170,Amhara,ORG00000053
Kemba,ORG00000708,Gamo Gofa ,ORG00000692,SNNPR,ORG00000668
Kemissie,ORG00000156,Oromiya ,ORG00000149,Amhara,ORG00000053
Kercha,ORG00000638,West Guji,ORG00000631,Oromia,ORG00000311
Kercha Town,ORG00000639,West Guji,ORG00000631,Oromia,ORG00000311
Kersa,ORG00000519,Jimma  ,ORG00000508,Oromia,ORG00000311
Kersa,ORG00000407,E. Harerge ,ORG00000388,Oromia,ORG00000311
Kersa Malima,ORG00000567,S.W. Shewa ,ORG00000558,Oromia,ORG00000311
Kewot,ORG00000115,N. Shoa,ORG00000109,Amhara,ORG00000053
Kilte Awlaelo,ORG00000956,Eastern Tigray ,ORG00000948,Tigray,ORG00000934
Kiltu Kara,ORG00000652,West Wellega ,ORG00000644,Oromia,ORG00000311
Kimbibit,ORG00000547,North Shoa Zone,ORG00000543,Oromia,ORG00000311
Kindo Didaye,ORG00000839,Wolayita  ,ORG00000827,SNNPR,ORG00000668
Kindo Koysha,ORG00000841,Wolayita  ,ORG00000827,SNNPR,ORG00000668
Kiremu,ORG00000434,E. Wellega ,ORG00000431,Oromia,ORG00000311
Kirkose Subcity,ORG00000012,Addis Ababa,ORG00000002,Addis Ababa,ORG00000001
Kobo,ORG00000141,N. Wello,ORG00000134,Amhara,ORG00000053
Kobo Town,ORG00000136,N. Wello,ORG00000134,Amhara,ORG00000053
Kochere,ORG00000715,Gedio  ,ORG00000710,SNNPR,ORG00000668
Kofele,ORG00000619,West Arsi ,ORG00000613,Oromia,ORG00000311
Kokosa,ORG00000620,West Arsi ,ORG00000613,Oromia,ORG00000311
Kolfie Keranio Subcity,ORG00000006,Addis Ababa,ORG00000002,Addis Ababa,ORG00000001
Kolla Temben,ORG00000947,Central Tigray ,ORG00000935,Tigray,ORG00000934
Kombolcha,ORG00000408,E. Harerge ,ORG00000388,Oromia,ORG00000311
Kombolcha,ORG00000192,S. Wello,ORG00000170,Amhara,ORG00000053
konata,ORG00000822,Special  ,ORG00000818,SNNPR,ORG00000668
Kondala,ORG00000655,West Wellega ,ORG00000644,Oromia,ORG00000311
Koneba,ORG00000046,Harri,ORG00000040,Afar,ORG00000013
Konso,ORG00000819,Special  ,ORG00000818,SNNPR,ORG00000668
Kore,ORG00000622,West Arsi ,ORG00000613,Oromia,ORG00000311
Korem Town,ORG00000987,South Tigray ,ORG00000980,Tigray,ORG00000934
Kori,ORG00000024,Awsa,ORG00000014,Afar,ORG00000013
Kucha,ORG00000693,Gamo Gofa ,ORG00000692,SNNPR,ORG00000668
Kuha,ORG00000961,Mekele  ,ORG00000958,Tigray,ORG00000934
Kule Camp,ORG00000297,Refugee Camp,ORG00000287,Gambella,ORG00000267
Kuni,Q8UU1fgvMob,W. Harerge ,ORG00000571,Oromia,ORG00000311
Kurfacale,ORG00000389,E. Harerge ,ORG00000388,Oromia,ORG00000311
Kurmuke,ORG00000221,Asosa,ORG00000219,Beneshangul Gumuz,ORG00000218
Kutaber,ORG00000177,S. Wello,ORG00000170,Amhara,ORG00000053
Kuyu,ORG00000545,North Shoa Zone,ORG00000543,Oromia,ORG00000311
Laelay Adyabo,ORG00000968,North West Tigray,ORG00000966,Tigray,ORG00000934
Laelay Maichew,ORG00000940,Central Tigray ,ORG00000935,Tigray,ORG00000934
Lagahida,ORG00000905,Nogobo  ,ORG00000904,Somali,ORG00000843
Lagambo,ORG00000187,S. Wello,ORG00000170,Amhara,ORG00000053
Lalibella Town,ORG00000142,N. Wello,ORG00000134,Amhara,ORG00000053
Lalo Asabi,ORG00000660,West Wellega ,ORG00000644,Oromia,ORG00000311
Lalo Kile,ORG00000542,Kelem Wellega ,ORG00000531,Oromia,ORG00000311
Lanforo,ORG00000805,Silti  ,ORG00000798,SNNPR,ORG00000668
Lare,ORG00000286,Nuer II ,ORG00000281,Gambella,ORG00000267
Lasta,ORG00000138,N. Wello,ORG00000134,Amhara,ORG00000053
Lay Armachiho,ORG00000100,N. Gonder,ORG00000085,Amhara,ORG00000053
Lay Gaint,ORG00000166,S. Gonder,ORG00000157,Amhara,ORG00000053
Legehare,ORG00000262,Dire Dawa,ORG00000257,Dire Dawa,ORG00000256
Lege Hida,ORG00000343,Bale  ,ORG00000340,Oromia,ORG00000311
Lege hida,ORG00000172,S. Wello,ORG00000170,Amhara,ORG00000053
Legetafo Town,ORG00000456,Finfine Zuriya ,ORG00000449,Oromia,ORG00000311
Leka Dulecha,ORG00000441,E. Wellega ,ORG00000431,Oromia,ORG00000311
Lemo,ORG00000741,Hadiya  ,ORG00000731,SNNPR,ORG00000668
Leta Sebu,ORG00000667,West Wellega ,ORG00000644,Oromia,ORG00000311
Liben,ORG00000474,Guji  ,ORG00000464,Oromia,ORG00000311
Liben,ORG00000428,E. Shewa ,ORG00000413,Oromia,ORG00000311
Liben Jawi,ORG00000612,W. Shewa ,ORG00000589,Oromia,ORG00000311
Libo Kemkem,ORG00000164,S. Gonder,ORG00000157,Amhara,ORG00000053
Lideta Subcity,ORG00000010,Addis Ababa,ORG00000002,Addis Ababa,ORG00000001
Limmu Kossa,ORG00000510,Jimma  ,ORG00000508,Oromia,ORG00000311
Limmu Seka,ORG00000524,Jimma  ,ORG00000508,Oromia,ORG00000311
Limu,ORG00000438,E. Wellega ,ORG00000431,Oromia,ORG00000311
Limuna bilbilo,ORG00000315,Arsi  ,ORG00000312,Oromia,ORG00000311
Lode hetosa,ORG00000335,Arsi  ,ORG00000312,Oromia,ORG00000311
Loka Abaya,ORG00000791,Sidama  ,ORG00000775,SNNPR,ORG00000668
Loma,ORG00000687,Dawro  ,ORG00000681,SNNPR,ORG00000668
Lome,ORG00000423,E. Shewa ,ORG00000413,Oromia,ORG00000311
Maale,ORG00000816,South Omo ,ORG00000808,SNNPR,ORG00000668
Machakel,ORG00000084,E. Gojam,ORG00000066,Amhara,ORG00000053
Mada Walabu,ORG00000349,Bale  ,ORG00000340,Oromia,ORG00000311
Maichew Town,ORG00000984,South Tigray ,ORG00000980,Tigray,ORG00000934
Maji,ORG00000673,Bench Maji ,ORG00000669,SNNPR,ORG00000668
Makoy,ORG00000282,Nuer II ,ORG00000281,Gambella,ORG00000267
Malega,ORG00000794,Sidama  ,ORG00000775,SNNPR,ORG00000668
Mancho,ORG00000528,Jimma  ,ORG00000508,Oromia,ORG00000311
Mandura,ORG00000236,Metekel,ORG00000234,Beneshangul Gumuz,ORG00000218
Manna,ORG00000521,Jimma  ,ORG00000508,Oromia,ORG00000311
MaoKomo,ORG00000255,Tongo Sp. Wereda,ORG00000254,Beneshangul Gumuz,ORG00000218
Maraka,ORG00000686,Dawro  ,ORG00000681,SNNPR,ORG00000668
Mareko,ORG00000689,East Gurage ,ORG00000688,SNNPR,ORG00000668
Marsin,ORG00000891,Korahe  ,ORG00000889,Somali,ORG00000843
Masha,ORG00000774,Sheka  ,ORG00000769,SNNPR,ORG00000668
Masha Town,ORG00000773,Sheka  ,ORG00000769,SNNPR,ORG00000668
Mayamulku,ORG00000910,Nogobo  ,ORG00000904,Somali,ORG00000843
Mecha,ORG00000205,West Gojam,ORG00000201,Amhara,ORG00000053
Medebay Zana,ORG00000967,North West Tigray,ORG00000966,Tigray,ORG00000934
Megalle,ORG00000048,Kilbat,ORG00000047,Afar,ORG00000013
Mehal Sainet,ORG00000171,S. Wello,ORG00000170,Amhara,ORG00000053
Meint Shasha,ORG00000670,Bench Maji ,ORG00000669,SNNPR,ORG00000668
Mekdela,ORG00000180,S. Wello,ORG00000170,Amhara,ORG00000053
Meket,ORG00000135,N. Wello,ORG00000134,Amhara,ORG00000053
Meko,ORG00000384,Buno Bedele,ORG00000377,Oromia,ORG00000311
Melakoza,ORG00000703,Gamo Gofa ,ORG00000692,SNNPR,ORG00000668
Melka balo,ORG00000400,E. Harerge ,ORG00000388,Oromia,ORG00000311
Melka Jebdu,ORG00000263,Dire Dawa,ORG00000257,Dire Dawa,ORG00000256
Melka Soda,e18Yx1obPzH,Borena  ,ORG00000361,Oromia,ORG00000311
Melka Soda,ORG00000634,West Guji,ORG00000631,Oromia,ORG00000311
Mendi Town,ORG00000665,West Wellega ,ORG00000644,Oromia,ORG00000311
Mene Sibu,ORG00000664,West Wellega ,ORG00000644,Oromia,ORG00000311
Menge,ORG00000222,Asosa,ORG00000219,Beneshangul Gumuz,ORG00000218
Mengeshi,ORG00000279,Mejang  ,ORG00000278,Gambella,ORG00000267
Menit Goldia,ORG00000679,Bench Maji ,ORG00000669,SNNPR,ORG00000668
Menzgera,ORG00000116,N. Shoa,ORG00000109,Amhara,ORG00000053
Menzkeya,ORG00000120,N. Shoa,ORG00000109,Amhara,ORG00000053
Menzlallo,ORG00000112,N. Shoa,ORG00000109,Amhara,ORG00000053
Menzmamma,ORG00000123,N. Shoa,ORG00000109,Amhara,ORG00000053
Mereb Leke,ORG00000936,Central Tigray ,ORG00000935,Tigray,ORG00000934
Merhabete,ORG00000113,N. Shoa,ORG00000109,Amhara,ORG00000053
Merti,ORG00000333,Arsi  ,ORG00000312,Oromia,ORG00000311
Mesela,ORG00000581,W. Harerge ,ORG00000571,Oromia,ORG00000311
Meskan,ORG00000690,East Gurage ,ORG00000688,SNNPR,ORG00000668
Meta,ORG00000411,E. Harerge ,ORG00000388,Oromia,ORG00000311
Metahara,ORG00000418,E. Shewa ,ORG00000413,Oromia,ORG00000311
Meta Robi,ORG00000609,W. Shewa ,ORG00000589,Oromia,ORG00000311
Meta Wolkite,ORG00000610,W. Shewa ,ORG00000589,Oromia,ORG00000311
Metema,ORG00000104,N. Gonder,ORG00000085,Amhara,ORG00000053
Metu,ORG00000502,Illu Aba bora,ORG00000493,Oromia,ORG00000311
Metu Town,ORG00000496,Illu Aba bora,ORG00000493,Oromia,ORG00000311
Meyu,ORG00000397,E. Harerge ,ORG00000388,Oromia,ORG00000311
Mida Kegn,ORG00000596,W. Shewa ,ORG00000589,Oromia,ORG00000311
Midana Worem,ORG00000125,N. Shoa,ORG00000109,Amhara,ORG00000053
Midhaga Tola,ORG00000393,E. Harerge ,ORG00000388,Oromia,ORG00000311
Mieso,ORG00000930,Siti  ,ORG00000925,Somali,ORG00000843
Mi'eso,ORG00000586,W. Harerge ,ORG00000571,Oromia,ORG00000311
Mihur Aklil,ORG00000725,Gurage  ,ORG00000719,SNNPR,ORG00000668
Mile,ORG00000022,Awsa,ORG00000014,Afar,ORG00000013
Minjarshenkora,ORG00000131,N. Shoa,ORG00000109,Amhara,ORG00000053
Mirab Abaya,ORG00000709,Gamo Gofa ,ORG00000692,SNNPR,ORG00000668
Mirab Azerenert Berbere,ORG00000806,Silti  ,ORG00000798,SNNPR,ORG00000668
Mirab Badawacho,ORG00000732,Hadiya  ,ORG00000731,SNNPR,ORG00000668
Mirab Belesa,ORG00000102,N. Gonder,ORG00000085,Amhara,ORG00000053
Misha,ORG00000736,Hadiya  ,ORG00000731,SNNPR,ORG00000668
Misirak Azerenert Berbere,ORG00000800,Silti  ,ORG00000798,SNNPR,ORG00000668
Misrak Badawacho,ORG00000734,Hadiya  ,ORG00000731,SNNPR,ORG00000668
Miyo,ORG00000363,Borena  ,ORG00000361,Oromia,ORG00000311
Mizan Aman,ORG00000678,Bench Maji ,ORG00000669,SNNPR,ORG00000668
Mojanawodera,ORG00000128,N. Shoa,ORG00000109,Amhara,ORG00000053
Mojo,ORG00000419,E. Shewa ,ORG00000413,Oromia,ORG00000311
Moretnajiru,ORG00000122,N. Shoa,ORG00000109,Amhara,ORG00000053
Motta town,ORG00000079,E. Gojam,ORG00000066,Amhara,ORG00000053
Moyale,ORG00000902,Liban  ,ORG00000896,Somali,ORG00000843
Moyale,ORG00000365,Borena  ,ORG00000361,Oromia,ORG00000311
Mubarek,ORG00000898,Liban  ,ORG00000896,Somali,ORG00000843
Mulo,ORG00000461,Finfine Zuriya ,ORG00000449,Oromia,ORG00000311
Munesa,ORG00000332,Arsi  ,ORG00000312,Oromia,ORG00000311
Mustehil,ORG00000917,Shebele  ,ORG00000914,Somali,ORG00000843
Naeder Adet,ORG00000944,Central Tigray ,ORG00000935,Tigray,ORG00000934
Nedjo Rural,ORG00000666,West Wellega ,ORG00000644,Oromia,ORG00000311
Nedjo Town,ORG00000650,West Wellega ,ORG00000644,Oromia,ORG00000311
Negele town,ORG00000470,Guji  ,ORG00000464,Oromia,ORG00000311
Nekemte Town,ORG00000435,E. Wellega ,ORG00000431,Oromia,ORG00000311
Nensebo,ORG00000621,West Arsi ,ORG00000613,Oromia,ORG00000311
Nguenyiel,ORG00000298,Refugee Camp,ORG00000287,Gambella,ORG00000267
Nifase Silk Lafto Subcity,ORG00000004,Addis Ababa,ORG00000002,Addis Ababa,ORG00000001
Nole Kaba,ORG00000651,West Wellega ,ORG00000644,Oromia,ORG00000311
Nonno Benja,ORG00000514,Jimma  ,ORG00000508,Oromia,ORG00000311
Nono,ORG00000593,W. Shewa ,ORG00000589,Oromia,ORG00000311
Nono Sale,ORG00000501,Illu Aba bora,ORG00000493,Oromia,ORG00000311
North Aari,ORG00000815,South Omo ,ORG00000808,SNNPR,ORG00000668
North Achefer,ORG00000212,West Gojam,ORG00000201,Amhara,ORG00000053
Nunu Kumba,ORG00000432,E. Wellega ,ORG00000431,Oromia,ORG00000311
Nyngatom,ORG00000814,South Omo ,ORG00000808,SNNPR,ORG00000668
Oda bildigilu,ORG00000223,Asosa,ORG00000219,Beneshangul Gumuz,ORG00000218
Oda Bultum,ORG00000588,W. Harerge ,ORG00000571,Oromia,ORG00000311
Odo Shakiso,ORG00000480,Guji  ,ORG00000464,Oromia,ORG00000311
Offa,ORG00000829,Wolayita  ,ORG00000827,SNNPR,ORG00000668
Ofla,ORG00000988,South Tigray ,ORG00000980,Tigray,ORG00000934
Okugo Camp,ORG00000294,Refugee Camp,ORG00000287,Gambella,ORG00000267
Ommo Nadda,ORG00000530,Jimma  ,ORG00000508,Oromia,ORG00000311
Omo Beyam,ORG00000529,Jimma  ,ORG00000508,Oromia,ORG00000311
Oyda,ORG00000696,Gamo Gofa ,ORG00000692,SNNPR,ORG00000668
Pawe,ORG00000241,Metekel,ORG00000234,Beneshangul Gumuz,ORG00000218
Pugnido Camp,ORG00000292,Refugee Camp,ORG00000287,Gambella,ORG00000267
Pugnido II Camp,ORG00000293,Refugee Camp,ORG00000287,Gambella,ORG00000267
Qadaadumo,ORG00000903,Liban  ,ORG00000896,Somali,ORG00000843
Qooxle,ORG00000856,Afder  ,ORG00000844,Somali,ORG00000843
Qoran-Mulla,ORG00000885,Faafame  ,ORG00000874,Somali,ORG00000843
Quara,ORG00000097,N. Gonder,ORG00000085,Amhara,ORG00000053
Quarit,ORG00000216,West Gojam,ORG00000201,Amhara,ORG00000053
Qubi,ORG00000912,Nogobo  ,ORG00000904,Somali,ORG00000843
Qumbi,ORG00000404,E. Harerge ,ORG00000388,Oromia,ORG00000311
Raso,ORG00000850,Afder  ,ORG00000844,Somali,ORG00000843
Raya Azebo,ORG00000986,South Tigray ,ORG00000980,Tigray,ORG00000934
Rayitu,ORG00000356,Bale  ,ORG00000340,Oromia,ORG00000311
Refugee Camps,Xwk63wtOXP8,Refugee Camp,ORG00000287,Gambella,ORG00000267
Refugee Camps,n2r23o6zmnm,Refugee Camp,ORG00000242,Beneshangul Gumuz,ORG00000218
Robe,ORG00000314,Arsi  ,ORG00000312,Oromia,ORG00000311
Robe Town,ORG00000344,Bale  ,ORG00000340,Oromia,ORG00000311
Sabian,ORG00000264,Dire Dawa,ORG00000257,Dire Dawa,ORG00000256
Saesi Tsaeda Amba,ORG00000957,Eastern Tigray ,ORG00000948,Tigray,ORG00000934
Sagag,ORG00000911,Nogobo  ,ORG00000904,Somali,ORG00000843
Sahrti-Samre,ORG00000976,South East ,ORG00000975,Tigray,ORG00000934
Saint,ORG00000188,S. Wello,ORG00000170,Amhara,ORG00000053
Saka Chekorsa,ORG00000509,Jimma  ,ORG00000508,Oromia,ORG00000311
Salahad,ORG00000906,Nogobo  ,ORG00000904,Somali,ORG00000843
Salamago,ORG00000811,South Omo ,ORG00000808,SNNPR,ORG00000668
Samorobigelalu,ORG00000049,Kilbat,ORG00000047,Afar,ORG00000013
Sankura,ORG00000807,Silti  ,ORG00000798,SNNPR,ORG00000668
Sasiga,ORG00000436,E. Wellega ,ORG00000431,Oromia,ORG00000311
Satema,ORG00000517,Jimma  ,ORG00000508,Oromia,ORG00000311
Sawena,ORG00000341,Bale  ,ORG00000340,Oromia,ORG00000311
SawlaT,ORG00000705,Gamo Gofa ,ORG00000692,SNNPR,ORG00000668
Saylem,ORG00000744,Kafa  ,ORG00000743,SNNPR,ORG00000668
Seba Boru,ORG00000477,Guji  ,ORG00000464,Oromia,ORG00000311
Sebata Awas,ORG00000462,Finfine Zuriya ,ORG00000449,Oromia,ORG00000311
Sebeta Town,ORG00000457,Finfine Zuriya ,ORG00000449,Oromia,ORG00000311
Sedal (Sirba Abay),ORG00000229,Kamashi,ORG00000228,Beneshangul Gumuz,ORG00000218
Seden Sodo Rural,ORG00000566,S.W. Shewa ,ORG00000558,Oromia,ORG00000311
Sekala,ORG00000210,West Gojam,ORG00000201,Amhara,ORG00000053
Sekota town,ORG00000195,Wag Hemra,ORG00000193,Amhara,ORG00000053
Sekota Zuriya,ORG00000196,Wag Hemra,ORG00000193,Amhara,ORG00000053
Semen,ORG00000959,Mekele  ,ORG00000958,Tigray,ORG00000934
Semen Bench,ORG00000680,Bench Maji ,ORG00000669,SNNPR,ORG00000668
Semra Logya Town,ORG00000016,Awsa,ORG00000014,Afar,ORG00000013
Sendafa,ORG00000458,Finfine Zuriya ,ORG00000449,Oromia,ORG00000311
Seru,ORG00000330,Arsi  ,ORG00000312,Oromia,ORG00000311
Setit Humera,ORG00000990,West Tigray ,ORG00000989,Tigray,ORG00000934
Seyo,ORG00000533,Kelem Wellega ,ORG00000531,Oromia,ORG00000311
Seyo Nole,ORG00000654,West Wellega ,ORG00000644,Oromia,ORG00000311
Shabeley,ORG00000887,Faafame  ,ORG00000874,Somali,ORG00000843
Shabe Sombo,ORG00000520,Jimma  ,ORG00000508,Oromia,ORG00000311
Shakiso Town,ORG00000481,Guji  ,ORG00000464,Oromia,ORG00000311
Shala,ORG00000624,West Arsi ,ORG00000613,Oromia,ORG00000311
Shala Seyemt,ORG00000197,Wag Hemra,ORG00000193,Amhara,ORG00000053
Shambu Town,ORG00000487,Horo Guduru ,ORG00000482,Oromia,ORG00000311
Shanan Kolu,ORG00000339,Arsi  ,ORG00000312,Oromia,ORG00000311
Shashego,ORG00000742,Hadiya  ,ORG00000731,SNNPR,ORG00000668
Shashemene,ORG00000627,West Arsi ,ORG00000613,Oromia,ORG00000311
Shashemene Town,ORG00000625,West Arsi ,ORG00000613,Oromia,ORG00000311
Shaygosh,ORG00000894,Korahe  ,ORG00000889,Somali,ORG00000843
Shebedino,ORG00000796,Sidama  ,ORG00000775,SNNPR,ORG00000668
Shebel berenta,ORG00000068,E. Gojam,ORG00000066,Amhara,ORG00000053
Sheko,ORG00000672,Bench Maji ,ORG00000669,SNNPR,ORG00000668
Shenkor,ORG00000309,Harare  ,ORG00000301,Harare,ORG00000299
Sheraro Town,ORG00000969,North West Tigray,ORG00000966,Tigray,ORG00000934
Sherkole,ORG00000226,Asosa,ORG00000219,Beneshangul Gumuz,ORG00000218
Sherkole Camp,ORG00000288,Refugee Camp,ORG00000287,Gambella,ORG00000267
Shewarobit,ORG00000121,N. Shoa,ORG00000109,Amhara,ORG00000053
Shey Bench,ORG00000674,Bench Maji ,ORG00000669,SNNPR,ORG00000668
Shilabo,ORG00000893,Korahe  ,ORG00000889,Somali,ORG00000843
Shinile,ORG00000926,Siti  ,ORG00000925,Somali,ORG00000843
Shire endasselasssiye,ORG00000974,North West Tigray,ORG00000966,Tigray,ORG00000934
Shirka,ORG00000328,Arsi  ,ORG00000312,Oromia,ORG00000311
Sibu Sire,ORG00000437,E. Wellega ,ORG00000431,Oromia,ORG00000311
Sigimo,ORG00000518,Jimma  ,ORG00000508,Oromia,ORG00000311
Silti,ORG00000804,Silti  ,ORG00000798,SNNPR,ORG00000668
Simada,ORG00000165,S. Gonder,ORG00000157,Amhara,ORG00000053
Sinan,ORG00000083,E. Gojam,ORG00000066,Amhara,ORG00000053
Sinana,ORG00000350,Bale  ,ORG00000340,Oromia,ORG00000311
Siraro,ORG00000628,West Arsi ,ORG00000613,Oromia,ORG00000311
Sire,ORG00000336,Arsi  ,ORG00000312,Oromia,ORG00000311
Siyadebirnawayu,ORG00000117,N. Shoa,ORG00000109,Amhara,ORG00000053
Soddo Town,ORG00000837,Wolayita  ,ORG00000827,SNNPR,ORG00000668
Soddo Zuria,ORG00000832,Wolayita  ,ORG00000827,SNNPR,ORG00000668
Sodo,ORG00000691,East Gurage ,ORG00000688,SNNPR,ORG00000668
Sodo Dachi,ORG00000562,S.W. Shewa ,ORG00000558,Oromia,ORG00000311
Sofi,ORG00000310,Harare  ,ORG00000301,Harare,ORG00000299
Sokoru,ORG00000523,Jimma  ,ORG00000508,Oromia,ORG00000311
Soro,ORG00000735,Hadiya  ,ORG00000731,SNNPR,ORG00000668
South Aari,ORG00000813,South Omo ,ORG00000808,SNNPR,ORG00000668
South Achefer,ORG00000207,West Gojam,ORG00000201,Amhara,ORG00000053
South Bench,ORG00000675,Bench Maji ,ORG00000669,SNNPR,ORG00000668
Sude,ORG00000327,Arsi  ,ORG00000312,Oromia,ORG00000311
Sululta,ORG00000463,Finfine Zuriya ,ORG00000449,Oromia,ORG00000311
Sululta Town,ORG00000459,Finfine Zuriya ,ORG00000449,Oromia,ORG00000311
Surma,ORG00000676,Bench Maji ,ORG00000669,SNNPR,ORG00000668
Suro Barguda,ORG00000640,West Guji,ORG00000631,Oromia,ORG00000311
Tach Armachiho,ORG00000106,N. Gonder,ORG00000085,Amhara,ORG00000053
Tach Gaint,ORG00000161,S. Gonder,ORG00000157,Amhara,ORG00000053
Tahtay adiabo,ORG00000972,North West Tigray,ORG00000966,Tigray,ORG00000934
Tahtay Koraro,ORG00000971,North West Tigray,ORG00000966,Tigray,ORG00000934
Tahtay Maichew,ORG00000938,Central Tigray ,ORG00000935,Tigray,ORG00000934
Takusa,ORG00000098,N. Gonder,ORG00000085,Amhara,ORG00000053
Tanqua Abergele,ORG00000943,Central Tigray ,ORG00000935,Tigray,ORG00000934
Tarmaber,ORG00000129,N. Shoa,ORG00000109,Amhara,ORG00000053
Tegedie,ORG00000101,N. Gonder,ORG00000085,Amhara,ORG00000053
Tehuledere,ORG00000173,S. Wello,ORG00000170,Amhara,ORG00000053
Telalak,ORG00000051,Kilbat,ORG00000047,Afar,ORG00000013
Telemt,ORG00000096,N. Gonder,ORG00000085,Amhara,ORG00000053
Tello,ORG00000745,Kafa  ,ORG00000743,SNNPR,ORG00000668
Teltele,ORG00000369,Borena  ,ORG00000361,Oromia,ORG00000311
Tembaro,ORG00000761,Kembata Tembaro ,ORG00000755,SNNPR,ORG00000668
Tena,ORG00000334,Arsi  ,ORG00000312,Oromia,ORG00000311
Tenta,ORG00000176,S. Wello,ORG00000170,Amhara,ORG00000053
Tepi Town,ORG00000771,Sheka  ,ORG00000769,SNNPR,ORG00000668
Terch Town,ORG00000684,Dawro  ,ORG00000681,SNNPR,ORG00000668
Teru,ORG00000050,Kilbat,ORG00000047,Afar,ORG00000013
Tierkidi Camp,ORG00000296,Refugee Camp,ORG00000287,Gambella,ORG00000267
Tiro Afeta,ORG00000522,Jimma  ,ORG00000508,Oromia,ORG00000311
Tiyo,ORG00000329,Arsi  ,ORG00000312,Oromia,ORG00000311
Tocha,ORG00000683,Dawro  ,ORG00000681,SNNPR,ORG00000668
Togo Wajjale,ORG00000883,Faafame  ,ORG00000874,Somali,ORG00000843
Toke Kutaye,ORG00000602,W. Shewa ,ORG00000589,Oromia,ORG00000311
Tole,ORG00000561,S.W. Shewa ,ORG00000558,Oromia,ORG00000311
Tongo Camp,ORG00000290,Refugee Camp,ORG00000287,Gambella,ORG00000267
Tsegede,ORG00000993,West Tigray ,ORG00000989,Tigray,ORG00000934
Tselemti,ORG00000973,North West Tigray,ORG00000966,Tigray,ORG00000934
Tsore Camp,ORG00000291,Refugee Camp,ORG00000287,Gambella,ORG00000267
Tuliguled,ORG00000880,Faafame  ,ORG00000874,Somali,ORG00000843
Tullo,ORG00000578,W. Harerge ,ORG00000571,Oromia,ORG00000311
Ubaderetsehay,ORG00000702,Gamo Gofa ,ORG00000692,SNNPR,ORG00000668
Uraga,ORG00000479,Guji  ,ORG00000464,Oromia,ORG00000311
Wachile,ORG00000374,Borena  ,ORG00000361,Oromia,ORG00000311
Wadera,ORG00000465,Guji  ,ORG00000464,Oromia,ORG00000311
Wadlla,ORG00000146,N. Wello,ORG00000134,Amhara,ORG00000053
Wahil,ORG00000265,Dire Dawa,ORG00000257,Dire Dawa,ORG00000256
Wama Hagalo,ORG00000447,E. Wellega ,ORG00000431,Oromia,ORG00000311
Wanthuwa,ORG00000283,Nuer II ,ORG00000281,Gambella,ORG00000267
Warder,ORG00000873,Dollo  ,ORG00000868,Somali,ORG00000843
Wayu Tuka,ORG00000444,E. Wellega ,ORG00000431,Oromia,ORG00000311
Wegdy,ORG00000178,S. Wello,ORG00000170,Amhara,ORG00000053
Welkayit,ORG00000992,West Tigray ,ORG00000989,Tigray,ORG00000934
Welmera,ORG00000450,Finfine Zuriya ,ORG00000449,Oromia,ORG00000311
Wendo Genet,ORG00000792,Sidama  ,ORG00000775,SNNPR,ORG00000668
Werehilehi,ORG00000941,Central Tigray ,ORG00000935,Tigray,ORG00000934
Wereilu,ORG00000181,S. Wello,ORG00000170,Amhara,ORG00000053
Were Jarso,ORG00000557,North Shoa Zone,ORG00000543,Oromia,ORG00000311
West Armachoho,ORG00000095,N. Gonder,ORG00000085,Amhara,ORG00000053
West Emay,ORG00000847,Afder  ,ORG00000844,Somali,ORG00000843
Wogera,ORG00000094,N. Gonder,ORG00000085,Amhara,ORG00000053
Woldia,ORG00000145,N. Wello,ORG00000134,Amhara,ORG00000053
Woliso,ORG00000568,S.W. Shewa ,ORG00000558,Oromia,ORG00000311
Woliso Town,ORG00000560,S.W. Shewa ,ORG00000558,Oromia,ORG00000311
Wolkite,ORG00000722,Gurage  ,ORG00000719,SNNPR,ORG00000668
Wombera,ORG00000240,Metekel,ORG00000234,Beneshangul Gumuz,ORG00000218
Wonago,ORG00000712,Gedio  ,ORG00000710,SNNPR,ORG00000668
Wonberma,ORG00000208,West Gojam,ORG00000201,Amhara,ORG00000053
Wonchi,ORG00000569,S.W. Shewa ,ORG00000558,Oromia,ORG00000311
Wondo,ORG00000626,West Arsi ,ORG00000613,Oromia,ORG00000311
Wonsho,ORG00000793,Sidama  ,ORG00000775,SNNPR,ORG00000668
Worabe,ORG00000801,Silti  ,ORG00000798,SNNPR,ORG00000668
Worebabo,ORG00000184,S. Wello,ORG00000170,Amhara,ORG00000053
Woreta Town,ORG00000159,S. Gonder,ORG00000157,Amhara,ORG00000053
Wuchale,ORG00000556,North Shoa Zone,ORG00000543,Oromia,ORG00000311
Wukro Town,ORG00000954,Eastern Tigray ,ORG00000948,Tigray,ORG00000934
Yabello Town,ORG00000362,Borena  ,ORG00000361,Oromia,ORG00000311
Yabelo,ORG00000375,Borena  ,ORG00000361,Oromia,ORG00000311
Yalo,ORG00000052,Kilbat,ORG00000047,Afar,ORG00000013
Yasso,ORG00000232,Kamashi,ORG00000228,Beneshangul Gumuz,ORG00000218
Yaya Gulale,ORG00000544,North Shoa Zone,ORG00000543,Oromia,ORG00000311
Yayo,ORG00000504,Illu Aba bora,ORG00000493,Oromia,ORG00000311
Yeka Subcity,ORG00000011,Addis Ababa,ORG00000002,Addis Ababa,ORG00000001
Yeki,ORG00000772,Sheka  ,ORG00000769,SNNPR,ORG00000668
Yemalogi Welel,ORG00000532,Kelem Wellega ,ORG00000531,Oromia,ORG00000311
Yemi,ORG00000821,Special  ,ORG00000818,SNNPR,ORG00000668
Yilimana Dnisa,ORG00000204,West Gojam,ORG00000201,Amhara,ORG00000053
Yirgacheffe,ORG00000718,Gedio  ,ORG00000710,SNNPR,ORG00000668
Yirgacheffe Town,ORG00000717,Gedio  ,ORG00000710,SNNPR,ORG00000668
Yirgalem town,ORG00000797,Sidama  ,ORG00000775,SNNPR,ORG00000668
Yocale,ORG00000866,Degehabur  ,ORG00000857,Somali,ORG00000843
Yubdo,ORG00000659,West Wellega ,ORG00000644,Oromia,ORG00000311
Zala,ORG00000707,Gamo Gofa ,ORG00000692,SNNPR,ORG00000668
Zigem,ORG00000056,Awi,ORG00000054,Amhara,ORG00000053
Ziquala,ORG00000198,Wag Hemra,ORG00000193,Amhara,ORG00000053
Zuway dugda,ORG00000331,Arsi  ,ORG00000312,Oromia,ORG00000311