Zone Name,Woreda Name,Region,NTD Zone ID,Woreda ID,Period,Number of treatment rounds planned for the year LF,Number of treatment rounds planned for the year OV,Number of treatment rounds planned for the year STH,Number of treatment rounds planned for the year SCH,Epidemiological surveys planned for the year LF,Epidemiological surveys planned for the year OV,Epidemiological surveys planned for the year STH,Epidemiological surveys planned for the year SCH
Addis Ababa,Addis Ketema Subcity,Addis Ababa ,ORG00000002,ORG00000009,2018,0,0,0,0,,,,
Addis Ababa,Akaki Kaliti Subcity,Addis Ababa ,ORG00000002,ORG00000008,2018,0,0,0,0,,,,
Addis Ababa,Arada Subcity,Addis Ababa ,ORG00000002,ORG00000005,2018,0,0,0,0,,,,
Addis Ababa,Bolle Subcity,Addis Ababa ,ORG00000002,ORG00000007,2018,0,0,0,0,,,,
Addis Ababa,Gulelie Subcity,Addis Ababa ,ORG00000002,ORG00000003,2018,0,0,0,0,,,,
Addis Ababa,Kirkose Subcity,Addis Ababa ,ORG00000002,ORG00000012,2018,0,0,0,0,,,,
Addis Ababa,Kolfie Keranio Subcity,Addis Ababa ,ORG00000002,ORG00000006,2018,0,0,0,0,,,,
Addis Ababa,Lideta Subcity,Addis Ababa ,ORG00000002,ORG00000010,2018,0,0,0,0,,,,
Addis Ababa,Nifase Silk Lafto Subcity,Addis Ababa ,ORG00000002,ORG00000004,2018,0,0,0,0,,,,
Addis Ababa,Yeka Subcity,Addis Ababa ,ORG00000002,ORG00000011,2018,0,0,0,0,,,,
Awsa,Abala,Afar ,ORG00000014,ORG00000029,2018,0,0,0,0,,,,
Awsa,Adar,Afar ,ORG00000014,ORG00000018,2018,0,0,0,0,,,,
Awsa,Afambo,Afar ,ORG00000014,ORG00000026,2018,0,0,0,0,,,,
Awsa,Afdera,Afar ,ORG00000014,ORG00000023,2018,0,0,0,0,,,,
Awsa,Amibara,Afar ,ORG00000014,ORG00000020,2018,0,0,0,1,,,,
Awsa,Aregoba,Afar ,ORG00000014,ORG00000017,2018,0,0,0,0,,,,
Awsa,Awash fentale,Afar ,ORG00000014,ORG00000021,2018,0,0,0,0,,,,
Awsa,Awash Town,Afar ,ORG00000014,ORG00000015,2018,0,0,0,0,,,,
Awsa,Awra,Afar ,ORG00000014,ORG00000028,2018,0,0,0,0,,,,
Awsa,Aysaeta,Afar ,ORG00000014,ORG00000027,2018,0,0,0,1,,,,
Awsa,Chifra,Afar ,ORG00000014,ORG00000019,2018,0,0,0,0,,,,
Awsa,Dubti,Afar ,ORG00000014,ORG00000025,2018,0,0,0,0,,,,
Awsa,Elidar,Afar ,ORG00000014,ORG00000030,2018,0,0,2,0,,,,
Awsa,Kori,Afar ,ORG00000014,ORG00000024,2018,0,0,0,0,,,,
Awsa,Mile,Afar ,ORG00000014,ORG00000022,2018,0,0,0,0,,,,
Awsa,Semra Logya Town,Afar ,ORG00000014,ORG00000016,2018,0,0,0,0,,,,
Fanti,Bedu,Afar ,ORG00000031,ORG00000033,2018,0,0,0,0,,,,
Fanti,Berahle,Afar ,ORG00000031,ORG00000034,2018,0,0,0,0,,,,
Fanti,Buremodaytu,Afar ,ORG00000031,ORG00000032,2018,0,0,2,0,,,,
Gabi,Dalifage,Afar ,ORG00000035,ORG00000038,2018,0,0,0,0,,,,
Gabi,Dalul,Afar ,ORG00000035,ORG00000036,2018,0,0,0,0,,,,
Gabi,Dewe,Afar ,ORG00000035,ORG00000039,2018,0,0,0,1,,,,
Gabi,Dulech,Afar ,ORG00000035,ORG00000037,2018,0,0,0,1,,,,
Harri,Erebti,Afar ,ORG00000040,ORG00000044,2018,0,0,0,0,,,,
Harri,Ewa,Afar ,ORG00000040,ORG00000043,2018,0,0,0,0,,,,
Harri,Gewane,Afar ,ORG00000040,ORG00000042,2018,0,0,0,0,,,,
Harri,Gulina,Afar ,ORG00000040,ORG00000045,2018,0,0,0,0,,,,
Harri,Hadaleelila,Afar ,ORG00000040,ORG00000041,2018,0,0,2,0,,,,
Harri,Koneba,Afar ,ORG00000040,ORG00000046,2018,0,0,0,0,,,,
Kilbat,Megalle,Afar ,ORG00000047,ORG00000048,2018,0,0,0,0,,,,
Kilbat,Samorobigelalu,Afar ,ORG00000047,ORG00000049,2018,0,0,0,0,,,,
Kilbat,Telalak,Afar ,ORG00000047,ORG00000051,2018,0,0,0,0,,,,
Kilbat,Teru,Afar ,ORG00000047,ORG00000050,2018,0,0,0,0,,,,
Kilbat,Yalo,Afar ,ORG00000047,ORG00000052,2018,0,0,0,0,,,,
Awi,Ankesha,Amhara ,ORG00000054,,2018,0,2,2,0,,,,
Awi,Banja Shikudad,Amhara ,ORG00000054,ORG00000065,2018,0,2,1,0,,,,
Awi,Chagni Town,Amhara ,ORG00000054,ORG00000059,2018,1,2,1,0,,,,
Awi,Dangila,Amhara ,ORG00000054,ORG00000060,2018,0,2,2,0,,,,
Awi,Dangla Town,Amhara ,ORG00000054,ORG00000064,2018,0,2,2,0,,,,
Awi,Fagita Lekoma,Amhara ,ORG00000054,ORG00000062,2018,0,2,2,0,,,,
Awi,Guagusa Shikudad,Amhara ,ORG00000054,ORG00000057,2018,0,2,2,1,,,,
Awi,Guangua,Amhara ,ORG00000054,ORG00000063,2018,0,2,1,0,,,,
Awi,Injibara Town,Amhara ,ORG00000054,ORG00000058,2018,0,2,1,0,,,,
Awi,Jawi,Amhara ,ORG00000054,ORG00000061,2018,1,2,2,1,,,,
Awi,Zigem,Amhara ,ORG00000054,ORG00000056,2018,1,2,1,0,,,,
East Gojam,Aneded,Amhara ,ORG00000066,ORG00000075,2018,0,0,1,0,,,,
East Gojam,Awabel,Amhara ,ORG00000066,ORG00000073,2018,0,0,2,1,,,,
East Gojam,Basoliben,Amhara ,ORG00000066,ORG00000072,2018,0,0,2,1,,,,
East Gojam,Bibugn,Amhara ,ORG00000066,ORG00000071,2018,0,0,1,0,,,,
East Gojam,Debay Tilatgen,Amhara ,ORG00000066,ORG00000067,2018,0,0,0,1,,,,
East Gojam,Debre Elias,Amhara ,ORG00000066,ORG00000069,2018,0,0,2,0,,,,
East Gojam,Debre Markos Town,Amhara ,ORG00000066,ORG00000074,2018,0,0,0,0,,,,
East Gojam,Dejen,Amhara ,ORG00000066,ORG00000070,2018,0,0,1,1,,,,
East Gojam,Enarje Enawuga,Amhara ,ORG00000066,ORG00000081,2018,0,0,0,0,,,,
East Gojam,Enebsie Sarmeder,Amhara ,ORG00000066,ORG00000078,2018,0,0,1,1,,,,
East Gojam,Enemay,Amhara ,ORG00000066,ORG00000077,2018,0,0,0,0,,,,
East Gojam,Gonchasieso enesie,Amhara ,ORG00000066,ORG00000082,2018,0,0,2,0,,,,
East Gojam,Gozamen,Amhara ,ORG00000066,ORG00000080,2018,0,0,1,0,,,,
East Gojam,Hult Eju,Amhara ,ORG00000066,,2018,0,0,2,0,,,,
East Gojam,Machakel,Amhara ,ORG00000066,ORG00000084,2018,0,0,1,0,,,,
East Gojam,Motta town,Amhara ,ORG00000066,ORG00000079,2018,0,0,1,0,,,,
East Gojam,Shebel berenta,Amhara ,ORG00000066,ORG00000068,2018,0,0,1,0,,,,
East Gojam,Sinan,Amhara ,ORG00000066,ORG00000083,2018,0,0,1,0,,,,
East Gojam,Adi Arkay,Amhara ,ORG00000085,ORG00000087,2018,0,0,2,1,,,,
North Gondar,Alefa,Amhara ,ORG00000085,ORG00000088,2018,0,2,1,1,,,,
North Gondar,Beyeda,Amhara ,ORG00000085,ORG00000107,2018,0,0,2,1,,,,
North Gondar,Chilga,Amhara ,ORG00000085,ORG00000105,2018,0,2,2,0,,,,
North Gondar,Dabat,Amhara ,ORG00000085,ORG00000093,2018,0,0,2,1,,,,
North Gondar,Debark,Amhara ,ORG00000085,ORG00000086,2018,0,0,2,0,,,,
North Gondar,Debark town,Amhara ,ORG00000085,ORG00000089,2018,0,0,2,1,,,,
North Gondar,East Belesa,Amhara ,ORG00000085,ORG00000108,2018,0,0,2,0,,,,
North Gondar,East Dembia,Amhara ,ORG00000085,,2018,0,0,0,0,,,,
North Gondar,Gendawuha,Amhara ,ORG00000085,ORG00000090,2018,1,2,0,0,,,,
North Gondar,Gondar town,Amhara ,ORG00000085,ORG00000103,2018,0,0,2,0,,,,
North Gondar,Gondar Zuriya,Amhara ,ORG00000085,ORG00000092,2018,0,0,2,1,,,,
North Gondar,Janamora,Amhara ,ORG00000085,ORG00000099,2018,0,0,2,0,,,,
North Gondar,Lay Armachiho,Amhara ,ORG00000085,ORG00000106,2018,0,0,2,1,,,,
North Gondar,Metema,Amhara ,ORG00000085,ORG00000104,2018,1,2,2,1,,,,
North Gondar,Mirab Belesa,Amhara ,ORG00000085,ORG00000102,2018,0,0,2,0,,,,
North Gondar,Quara,Amhara ,ORG00000085,ORG00000097,2018,1,2,2,0,,,,
North Gondar,Tach Armachiho,Amhara ,ORG00000085,ORG00000106,2018,0,2,2,1,,,,
North Gondar,Takusa,Amhara ,ORG00000085,ORG00000098,2018,0,0,2,1,,,,
North Gondar,Tegedie,Amhara ,ORG00000085,ORG00000101,2018,0,2,2,1,,,,
North Gondar,Telemt,Amhara ,ORG00000085,ORG00000096,2018,0,0,2,1,,,,
North Gondar,West Armachoho,Amhara ,ORG00000085,ORG00000095,2018,0,2,1,1,,,,
North Gondar,Wogera,Amhara ,ORG00000085,ORG00000094,2018,0,0,2,0,,,,
North Gondar,Angolelna tera,Amhara ,ORG00000109,ORG00000132,2018,0,0,0,0,,,,
North Gondar,Ankober,Amhara ,ORG00000109,ORG00000126,2018,0,0,0,0,,,,
North Gondar,Antsokiagemza,Amhara ,ORG00000109,ORG00000124,2018,0,0,1,1,,,,
North Shoa,Assagirt,Amhara ,ORG00000109,ORG00000127,2018,0,0,0,0,,,,
North Shoa,Baso Naworana,Amhara ,ORG00000109,ORG00000133,2018,0,0,0,0,,,,
North Shoa,Berehet,Amhara ,ORG00000109,ORG00000118,2018,0,0,0,1,,,,
North Shoa,Debirebirhan Town,Amhara ,ORG00000109,ORG00000119,2018,0,0,0,0,,,,
North Shoa,Efratanagidem,Amhara ,ORG00000109,ORG00000114,2018,0,0,1,0,,,,
North Shoa,Ensaro,Amhara ,ORG00000109,ORG00000130,2018,0,0,2,0,,,,
North Shoa,Geshe,Amhara ,ORG00000109,ORG00000110,2018,0,0,0,0,,,,
North Shoa,Hageremariam,Amhara ,ORG00000109,ORG00000111,2018,0,0,1,0,,,,
North Shoa,Kewot,Amhara ,ORG00000109,ORG00000115,2018,0,0,0,1,,,,
North Shoa,Menzgera,Amhara ,ORG00000109,ORG00000116,2018,0,0,0,1,,,,
North Shoa,Menzkeya,Amhara ,ORG00000109,ORG00000120,2018,0,0,0,1,,,,
North Shoa,Menzlallo,Amhara ,ORG00000109,ORG00000112,2018,0,0,1,0,,,,
North Shoa,Menzmamma,Amhara ,ORG00000109,ORG00000123,2018,0,0,1,0,,,,
North Shoa,Merhabete,Amhara ,ORG00000109,ORG00000113,2018,0,0,1,0,,,,
North Shoa,Midana Worem,Amhara ,ORG00000109,ORG00000125,2018,0,0,0,0,,,,
North Shoa,Minjarshenkora,Amhara ,ORG00000109,ORG00000131,2018,0,0,0,0,,,,
North Shoa,Mojanawodera,Amhara ,ORG00000109,ORG00000128,2018,0,0,1,0,,,,
North Shoa,Moretnajiru,Amhara ,ORG00000109,ORG00000122,2018,0,0,0,0,,,,
North Shoa,Shewarobit Town,Amhara ,ORG00000109,ORG00000121,2018,0,0,0,1,,,,
North Shoa,Siyadebirnawayu,Amhara ,ORG00000109,ORG00000117,2018,0,0,0,1,,,,
North Shoa,Tarmaber,Amhara ,ORG00000109,ORG00000129,2018,0,0,2,1,,,,
North Shoa,Bugna,Amhara ,ORG00000134,ORG00000137,2018,0,0,0,1,,,,
North Shoa,Dawunt,Amhara ,ORG00000134,ORG00000140,2018,0,0,2,1,,,,
North Shoa,Gazo,Amhara ,ORG00000134,ORG00000148,2018,0,0,0,0,,,,
North Wello,Gidan,Amhara ,ORG00000134,ORG00000144,2018,0,0,2,0,,,,
North Wello,Gubalafto,Amhara ,ORG00000134,ORG00000143,2018,0,0,0,0,,,,
North Wello,Habru,Amhara ,ORG00000134,ORG00000139,2018,0,0,1,0,,,,
North Wello,Kobo Town,Amhara ,ORG00000134,ORG00000136,2018,0,0,0,1,,,,
North Wello,Lalibella Town,Amhara ,ORG00000134,ORG00000142,2018,0,0,2,1,,,,
North Wello,Lasta,Amhara ,ORG00000134,ORG00000138,2018,0,0,2,0,,,,
North Wello,Meket,Amhara ,ORG00000134,ORG00000135,2018,0,0,0,0,,,,
North Wello,Wadlla,Amhara ,ORG00000134,ORG00000146,2018,0,0,0,0,,,,
North Wello,Woldia Town,Amhara ,ORG00000134,,2018,0,0,0,1,,,,
North Wello,Artuma Fursi,Amhara ,ORG00000149,ORG00000155,2018,0,0,1,1,,,,
North Wello,Bati,Amhara ,ORG00000149,ORG00000153,2018,0,0,0,1,,,,
North Wello,Bati Town,Amhara ,ORG00000149,ORG00000150,2018,0,0,0,1,,,,
North Wello,Dawa chefa,Amhara ,ORG00000149,ORG00000154,2018,0,0,2,1,,,,
North Wello,Dawe Harwa,Amhara ,ORG00000149,ORG00000151,2018,0,0,0,1,,,,
Oromiya,Jille Timuga,Amhara ,ORG00000149,ORG00000152,2018,0,0,0,1,,,,
Oromiya,Kemissie,Amhara ,ORG00000149,ORG00000156,2018,0,0,0,1,,,,
Oromiya,Andabet (West Estie),Amhara ,ORG00000157,ORG00000163,2018,0,0,2,0,,,,
Oromiya,Debre Tabor Town,Amhara ,ORG00000157,ORG00000160,2018,0,0,0,1,,,,
Oromiya,Dera,Amhara ,ORG00000157,ORG00000169,2018,0,0,1,0,,,,
Oromiya,Ebinat,Amhara ,ORG00000157,ORG00000162,2018,0,0,2,1,,,,
Oromiya,Estie (East Estie),Amhara ,ORG00000157,ORG00000167,2018,0,0,1,1,,,,
South Gondar,Farta,Amhara ,ORG00000157,ORG00000158,2018,0,0,1,0,,,,
South Gondar,Fogera,Amhara ,ORG00000157,ORG00000168,2018,0,0,2,0,,,,
South Gondar,Gunabegemidir,Amhara ,ORG00000157,,2018,0,0,0,0,,,,
South Gondar,Lay Gaint,Amhara ,ORG00000157,ORG00000166,2018,0,0,2,1,,,,
South Gondar,Simada,Amhara ,ORG00000157,ORG00000165,2018,1,0,1,0,,,,
South Gondar,Tach Gaint,Amhara ,ORG00000157,ORG00000161,2018,1,0,0,0,,,,
South Gondar,Woreta Town,Amhara ,ORG00000157,ORG00000159,2018,0,0,1,0,,,,
South Gondar,Albuko,Amhara ,ORG00000170,ORG00000182,2018,0,0,0,0,,,,
South Gondar,Ambasel,Amhara ,ORG00000170,ORG00000179,2018,0,0,0,1,,,,
South Gondar,Argoba,Amhara ,ORG00000170,ORG00000186,2018,0,0,0,1,,,,
South Gondar,Borena,Amhara ,ORG00000170,,2018,0,0,0,1,,,,
South Gondar,Dalanta,Amhara ,ORG00000170,ORG00000183,2018,0,0,0,1,,,,
South Gondar,Dessie Town,Amhara ,ORG00000170,ORG00000191,2018,0,0,0,0,,,,
South Gondar,Dessie zuria,Amhara ,ORG00000170,ORG00000190,2018,0,0,2,0,,,,
South Gondar,Jama,Amhara ,ORG00000170,ORG00000185,2018,0,0,0,1,,,,
South Wello,Kallu,Amhara ,ORG00000170,ORG00000175,2018,0,0,0,1,,,,
South Wello,Kelala,Amhara ,ORG00000170,ORG00000174,2018,0,0,0,1,,,,
South Wello,Kombolcha,Amhara ,ORG00000170,ORG00000192,2018,0,0,0,1,,,,
South Wello,Kutaber,Amhara ,ORG00000170,ORG00000177,2018,0,0,1,0,,,,
South Wello,Lagambo,Amhara ,ORG00000170,ORG00000187,2018,0,0,0,1,,,,
South Wello,Lege hida,Amhara ,ORG00000170,ORG00000172,2018,0,0,1,1,,,,
South Wello,Mehal Sainet,Amhara ,ORG00000170,ORG00000171,2018,0,0,2,0,,,,
South Wello,Mekdela,Amhara ,ORG00000170,ORG00000180,2018,0,0,1,1,,,,
South Wello,Sainet,Amhara ,ORG00000170,ORG00000188,2018,0,0,0,0,,,,
South Wello,Tehuledere,Amhara ,ORG00000170,ORG00000173,2018,0,0,0,1,,,,
South Wello,Tenta,Amhara ,ORG00000170,ORG00000176,2018,0,0,0,0,,,,
South Wello,Wegdy,Amhara ,ORG00000170,ORG00000178,2018,0,0,0,1,,,,
South Wello,Wereilu,Amhara ,ORG00000170,ORG00000181,2018,0,0,0,1,,,,
South Wello,Worebabo,Amhara ,ORG00000170,ORG00000184,2018,0,0,0,1,,,,
South Wello,Abergele,Amhara ,ORG00000193,ORG00000194,2018,0,0,0,1,,,,
South Wello,Dehana,Amhara ,ORG00000193,ORG00000200,2018,0,0,2,0,,,,
South Wello,Gazgibla,Amhara ,ORG00000193,ORG00000199,2018,0,0,2,0,,,,
South Wello,Sekota town,Amhara ,ORG00000193,ORG00000195,2018,0,0,2,1,,,,
South Wello,Sekota Zuria,Amhara ,ORG00000193,ORG00000196,2018,0,0,2,1,,,,
South Wello,Sahala Seyemt,Amhara ,ORG00000193,ORG00000197,2018,0,0,0,0,,,,
South Wello,Ziquala,Amhara ,ORG00000193,ORG00000198,2018,0,0,2,0,,,,
South Wello,Bahidar Zuria,Amhara ,ORG00000201,ORG00000214,2018,0,0,2,0,,,,
Wag Hemra,Bahirdar City,Amhara ,ORG00000201,ORG00000202,2018,0,0,1,1,,,,
Wag Hemra,Bure Town,Amhara ,ORG00000201,ORG00000209,2018,0,0,2,0,,,,
Wag Hemra,Bure Zuria,Amhara ,ORG00000201,ORG00000211,2018,0,0,2,1,,,,
Wag Hemra,Dega Damot,Amhara ,ORG00000201,ORG00000206,2018,0,0,2,0,,,,
Wag Hemra,Demibecha,Amhara ,ORG00000201,ORG00000217,2018,0,0,2,0,,,,
Wag Hemra,Finote Selam Town,Amhara ,ORG00000201,ORG00000213,2018,0,0,2,0,,,,
Wag Hemra,Gonji Kolela,Amhara ,ORG00000201,ORG00000215,2018,0,0,2,1,,,,
Wag Hemra,Jabi Tehinan,Amhara ,ORG00000201,ORG00000203,2018,0,0,2,0,,,,
West Gojam,North Mecha,Amhara ,ORG00000201,,2018,0,0,2,0,,,,
West Gojam,North Achefer,Amhara ,ORG00000201,ORG00000207,2018,0,0,2,0,,,,
West Gojam,Quarit,Amhara ,ORG00000201,ORG00000216,2018,0,0,1,0,,,,
West Gojam,Sekala,Amhara ,ORG00000201,ORG00000210,2018,0,0,2,0,,,,
West Gojam,South Achefer,Amhara ,ORG00000201,ORG00000207,2018,0,0,2,1,,,,
West Gojam,Wonberma,Amhara ,ORG00000201,ORG00000208,2018,0,0,2,1,,,,
West Gojam,Yilemana Denesa,Amhara ,ORG00000201,ORG00000204,2018,0,0,2,1,,,,
West Gojam,Asossa,Beneshangul Gumuz,ORG00000219,ORG00000227,2018,1,2,0,1,,,,
West Gojam,Assosa Town,Beneshangul Gumuz,ORG00000219,ORG00000220,2018,0,2,0,1,,,,
West Gojam,Bambasi,Beneshangul Gumuz,ORG00000219,ORG00000224,2018,0,2,2,0,,,,
West Gojam,Homosha,Beneshangul Gumuz,ORG00000219,ORG00000225,2018,1,2,0,1,,,,
West Gojam,Kurmuke,Beneshangul Gumuz,ORG00000219,ORG00000221,2018,0,2,0,1,,,,
West Gojam,Menge,Beneshangul Gumuz,ORG00000219,ORG00000222,2018,1,2,0,1,,,,
West Gojam,Oda bildigilu,Beneshangul Gumuz,ORG00000219,ORG00000223,2018,1,2,0,1,,,,
West Gojam,Sherkole,Beneshangul Gumuz,ORG00000219,ORG00000226,2018,1,2,0,1,,,,
West Gojam,Agalometi,Beneshangul Gumuz,ORG00000228,ORG00000231,2018,1,2,0,1,,,,
West Gojam,Belo Jegonfoy,Beneshangul Gumuz,ORG00000228,ORG00000233,2018,1,2,0,1,,,,
Asosa,Kamashi,Beneshangul Gumuz,ORG00000228,ORG00000230,2018,1,2,1,1,,,,
Asosa,Sedal (Sirba Abay),Beneshangul Gumuz,ORG00000228,ORG00000229,2018,1,2,0,1,,,,
Asosa,Yasso,Beneshangul Gumuz,ORG00000228,ORG00000232,2018,1,2,0,1,,,,
Asosa,Bullen,Beneshangul Gumuz,ORG00000234,ORG00000237,2018,0,2,1,1,,,,
Asosa,Dangure,Beneshangul Gumuz,ORG00000234,ORG00000235,2018,1,2,0,1,,,,
Asosa,Dibate,Beneshangul Gumuz,ORG00000234,ORG00000239,2018,0,2,1,1,,,,
Asosa,Guba,Beneshangul Gumuz,ORG00000234,ORG00000238,2018,1,2,0,1,,,,
Asosa,Mandura,Beneshangul Gumuz,ORG00000234,ORG00000236,2018,0,2,0,1,,,,
Kamashi,Pawe,Beneshangul Gumuz,ORG00000234,ORG00000241,2018,0,2,0,1,,,,
Kamashi,Wombera,Beneshangul Gumuz,ORG00000234,ORG00000240,2018,0,2,1,1,,,,
Kamashi,MaoKomo,Beneshangul Gumuz,ORG00000254,ORG00000255,2018,1,2,1,0,,,,
Kamashi,Addis Ketema,Dire Dawa ,ORG00000257,ORG00000258,2018,0,0,0,1,,,,
Kamashi,Biyo Awale,Dire Dawa ,ORG00000257,ORG00000259,2018,0,0,0,1,,,,
Metekel,Dire Dawa,Dire Dawa ,ORG00000257,ORG00000266,2018,0,0,0,1,,,,
Metekel,Gendo Kore,Dire Dawa ,ORG00000257,ORG00000260,2018,0,0,0,1,,,,
Metekel,Jeldesa,Dire Dawa ,ORG00000257,ORG00000261,2018,0,0,0,1,,,,
Metekel,Legehare,Dire Dawa ,ORG00000257,ORG00000262,2018,0,0,0,1,,,,
Metekel,Melka Jebdu,Dire Dawa ,ORG00000257,ORG00000263,2018,0,0,0,1,,,,
Metekel,Sabian,Dire Dawa ,ORG00000257,ORG00000264,2018,0,0,0,1,,,,
Metekel,Wahil,Dire Dawa ,ORG00000257,ORG00000265,2018,0,0,0,1,,,,
Tongo,Abobo,Gambella,ORG00000268,ORG00000270,2018,1,2,1,1,,,,
Dire Dawa ,Dimma,Gambella,ORG00000268,ORG00000271,2018,1,2,2,0,,,,
Dire Dawa ,Gambella,Gambella,ORG00000268,ORG00000269,2018,1,2,2,1,,,,
Dire Dawa ,Gog,Gambella,ORG00000268,ORG00000273,2018,1,2,1,1,,,,
Dire Dawa ,Jor,Gambella,ORG00000268,ORG00000272,2018,0,0,2,0,,,,
Dire Dawa ,Gambella Town,Gambella,ORG00000274,ORG00000275,2018,0,2,2,1,,,,
Dire Dawa ,Itang Special,Gambella,ORG00000276,,2018,1,2,2,1,,,,
Dire Dawa ,Godere,Gambella,ORG00000278,ORG00000280,2018,1,2,2,1,,,,
Dire Dawa ,Mengeshi,Gambella,ORG00000278,ORG00000279,2018,1,2,2,0,,,,
Dire Dawa ,Akobo,Gambella,ORG00000281,ORG00000284,2018,0,0,1,0,,,,
Agnua II,Jikow,Gambella,ORG00000281,,2018,0,0,2,0,,,,
Agnua II,Lare,Gambella,ORG00000281,ORG00000286,2018,0,0,2,0,,,,
Agnua II,Makuey,Gambella,ORG00000281,,2018,0,0,2,0,,,,
Agnua II,Wantuwa,Gambella,ORG00000281,ORG00000283,2018,0,0,2,0,,,,
Agnua II,Abadir,Harare,ORG00000301,ORG00000302,2018,0,0,0,0,,,,
Gambella,Aboker,Harare,ORG00000301,ORG00000303,2018,0,0,0,1,,,,
Itang,Amir Nur,Harare,ORG00000301,ORG00000304,2018,0,0,0,1,,,,
Mejang,Dire Teyara,Harare,ORG00000301,ORG00000305,2018,0,0,0,1,,,,
Mejang,Erer,Harare,ORG00000301,ORG00000306,2018,0,0,2,1,,,,
Nuer II,Hakim,Harare,ORG00000301,ORG00000307,2018,0,0,0,1,,,,
Nuer II,Jenela,Harare,ORG00000301,ORG00000308,2018,0,0,2,0,,,,
Nuer II,Shenkor,Harare,ORG00000301,ORG00000309,2018,0,0,0,0,,,,
Nuer II,Sofi,Harare,ORG00000301,ORG00000310,2018,0,0,0,1,,,,
Nuer II,Amigna,Oromia ,ORG00000312,ORG00000321,2018,0,0,0,1,,,,
Harare,Aseko,Oromia ,ORG00000312,ORG00000323,2018,0,0,0,0,,,,
Harare,Assela Town,Oromia ,ORG00000312,ORG00000316,2018,0,0,1,1,,,,
Harare,Bale,Oromia ,ORG00000312,ORG00000319,2018,0,0,0,0,,,,
Harare,Bekoji Town,Oromia ,ORG00000312,ORG00000317,2018,0,0,0,0,,,,
Harare,Chole,Oromia ,ORG00000312,ORG00000324,2018,0,0,1,1,,,,
Harare,Digeluna Tijo,Oromia ,ORG00000312,ORG00000322,2018,0,0,0,0,,,,
Harare,Diksis,Oromia ,ORG00000312,ORG00000318,2018,0,0,0,1,,,,
Harare,Dodota,Oromia ,ORG00000312,ORG00000326,2018,0,0,0,0,,,,
Harare,Enkelo Wabe,Oromia ,ORG00000312,ORG00000320,2018,0,0,1,0,,,,
Arsi,Gololcha,Oromia ,ORG00000312,ORG00000338,2018,0,0,1,0,,,,
Arsi,Guna,Oromia ,ORG00000312,ORG00000313,2018,0,0,2,1,,,,
Arsi,Hetosa,Oromia ,ORG00000312,ORG00000325,2018,0,0,0,0,,,,
Arsi,Jeju,Oromia ,ORG00000312,ORG00000337,2018,0,0,0,1,,,,
Arsi,Limuna bilbilo,Oromia ,ORG00000312,ORG00000315,2018,0,0,0,0,,,,
Arsi,Lode hetosa,Oromia ,ORG00000312,ORG00000335,2018,0,0,0,0,,,,
Arsi,Merti,Oromia ,ORG00000312,ORG00000333,2018,1,0,0,1,,,,
Arsi,Munesa,Oromia ,ORG00000312,ORG00000332,2018,0,0,0,0,,,,
Arsi,Robe,Oromia ,ORG00000312,ORG00000314,2018,0,0,0,0,,,,
Arsi,Seru,Oromia ,ORG00000312,ORG00000330,2018,0,0,2,1,,,,
Arsi,Shirka,Oromia ,ORG00000312,ORG00000328,2018,0,0,0,0,,,,
Arsi,Sire,Oromia ,ORG00000312,ORG00000336,2018,0,0,0,0,,,,
Arsi,Sude,Oromia ,ORG00000312,ORG00000327,2018,0,0,1,1,,,,
Arsi,Tena,Oromia ,ORG00000312,ORG00000334,2018,0,0,0,0,,,,
Arsi,Tiyo,Oromia ,ORG00000312,ORG00000329,2018,0,0,0,0,,,,
Arsi,Zeway dugda,Oromia ,ORG00000312,ORG00000331,2018,0,0,0,1,,,,
Arsi,Agarfa,Oromia ,ORG00000340,ORG00000345,2018,0,0,1,1,,,,
Arsi,Barbare,Oromia ,ORG00000340,ORG00000351,2018,0,0,1,0,,,,
Arsi,Dawe Kachen,Oromia ,ORG00000340,ORG00000352,2018,0,0,2,1,,,,
Arsi,Dawe sarar,Oromia ,ORG00000340,ORG00000346,2018,0,0,1,0,,,,
Arsi,Dinsho,Oromia ,ORG00000340,ORG00000347,2018,0,0,0,1,,,,
Arsi,Dollo Mena,Oromia ,ORG00000340,ORG00000358,2018,0,0,1,1,,,,
Arsi,Gasara,Oromia ,ORG00000340,ORG00000355,2018,0,0,2,1,,,,
Arsi,Ginnir,Oromia ,ORG00000340,ORG00000353,2018,0,0,1,0,,,,
Arsi,Goba,Oromia ,ORG00000340,ORG00000354,2018,0,0,1,0,,,,
Arsi,Goba Town,Oromia ,ORG00000340,ORG00000342,2018,0,0,0,0,,,,
Arsi,Gololcha,Oromia ,ORG00000340,ORG00000359,2018,0,0,1,0,,,,
Bale,Goro,Oromia ,ORG00000340,ORG00000360,2018,0,0,1,0,,,,
Bale,Gura Dhamole,Oromia ,ORG00000340,ORG00000348,2018,0,0,2,1,,,,
Bale,Harana Buluk,Oromia ,ORG00000340,ORG00000357,2018,1,0,1,1,,,,
Bale,Lega Hidha,Oromia ,ORG00000340,ORG00000343,2018,1,0,1,1,,,,
Bale,Medda Walabu,Oromia ,ORG00000340,ORG00000349,2018,0,0,2,0,,,,
Bale,Rayitu,Oromia ,ORG00000340,ORG00000356,2018,1,0,1,0,,,,
Bale,Robe Town,Oromia ,ORG00000340,ORG00000344,2018,0,0,2,1,,,,
Bale,Sawena,Oromia ,ORG00000340,ORG00000341,2018,0,0,2,0,,,,
Bale,Sinana,Oromia ,ORG00000340,ORG00000350,2018,0,0,0,1,,,,
Bale,,,,,2018,0,0,2,1,,,,
Bale,Arero,Oromia ,ORG00000361,ORG00000373,2018,0,0,0,0,,,,
Bale,,,,,2018,0,0,1,0,,,,
Bale,,,,,2018,0,0,2,1,,,,
Bale,Dhas,Oromia ,ORG00000361,ORG00000371,2018,0,0,0,0,,,,
Bale,Dillo,Oromia ,ORG00000361,ORG00000367,2018,0,0,0,0,,,,
Bale,Dire,Oromia ,ORG00000361,ORG00000366,2018,0,0,0,0,,,,
Bale,,,,,2018,1,0,2,0,,,,
Bale,,,,,2018,0,0,2,0,,,,
Bale,,,,,2018,0,0,2,1,,,,
Bale,Miyo,Oromia ,ORG00000361,ORG00000363,2018,0,0,0,0,,,,
Bale,Moyale,Oromia ,ORG00000361,ORG00000365,2018,0,0,0,0,,,,
Borena,Teltele,Oromia ,ORG00000361,ORG00000369,2018,1,0,0,0,,,,
Borena,Yabello Town,Oromia ,ORG00000361,ORG00000362,2018,0,0,1,0,,,,
Borena,Yabello,Oromia ,ORG00000361,ORG00000375,2018,0,0,1,0,,,,
Borena,,,,,2018,0,0,0,1,,,,
Borena,Bedele Town,Oromia ,ORG00000377,ORG00000386,2018,0,0,0,1,,,,
Borena,Bedele Zuria,Oromia ,ORG00000377,ORG00000382,2018,0,0,1,1,,,,
Borena,Borecha,Oromia ,ORG00000377,ORG00000387,2018,0,0,0,1,,,,
Borena,Chewaka,Oromia ,ORG00000377,ORG00000381,2018,0,0,1,1,,,,
Borena,Chora,Oromia ,ORG00000377,ORG00000378,2018,0,0,1,1,,,,
Borena,Dabo Hanna,Oromia ,ORG00000377,ORG00000383,2018,0,0,0,1,,,,
Borena,Diediesa,Oromia ,ORG00000377,ORG00000380,2018,0,0,1,0,,,,
East Harerge,Gorogutu,Oromia ,ORG00000388,ORG00000399,2018,0,0,0,1,,,,
East Harerge,Gurawa,Oromia ,ORG00000388,ORG00000401,2018,0,0,1,0,,,,
East Harerge,Gursum,Oromia ,ORG00000388,ORG00000405,2018,0,0,0,1,,,,
East Harerge,Haromaya,Oromia ,ORG00000388,ORG00000395,2018,0,0,0,1,,,,
East Harerge,Haromaya Town,Oromia ,ORG00000388,ORG00000392,2018,0,0,0,1,,,,
East Harerge,Jarso,Oromia ,ORG00000388,ORG00000406,2018,0,0,0,1,,,,
East Harerge,Kersa,Oromia ,ORG00000388,ORG00000407,2018,0,0,0,1,,,,
East Harerge,Kombolcha,Oromia ,ORG00000388,ORG00000408,2018,0,0,0,1,,,,
East Harerge,Kurfachala,Oromia ,ORG00000388,ORG00000389,2018,0,0,0,1,,,,
East Harerge,Melka balo,Oromia ,ORG00000388,ORG00000400,2018,0,0,2,1,,,,
East Harerge,Meta,Oromia ,ORG00000388,ORG00000411,2018,0,0,2,1,,,,
East Harerge,Meyu,Oromia ,ORG00000388,ORG00000397,2018,0,0,1,0,,,,
East Harerge,Medaga Tola,Oromia ,ORG00000388,ORG00000393,2018,0,0,0,1,,,,
East Harerge,Qumbi,Oromia ,ORG00000388,ORG00000404,2018,0,0,0,1,,,,
East Harerge,Adama,Oromia ,ORG00000413,ORG00000426,2018,0,0,0,1,,,,
East Harerge,Adama Town,Oromia ,ORG00000413,ORG00000415,2018,0,0,0,1,,,,
East Harerge,Adami Tulu Jido Kombolacha,Oromia ,ORG00000413,,2018,0,0,1,1,,,,
East Harerge,Adea,Oromia ,ORG00000413,ORG00000414,2018,0,0,2,1,,,,
East Harerge,Batu Town,Oromia ,ORG00000413,ORG00000416,2018,0,0,1,1,,,,
East Harerge,Bishoftu Town,Oromia ,ORG00000413,ORG00000417,2018,0,0,2,1,,,,
East Harerge,Bora,Oromia ,ORG00000413,ORG00000421,2018,0,0,2,1,,,,
East Harerge,Boset,Oromia ,ORG00000413,ORG00000427,2018,0,0,1,0,,,,
East Harerge,Dugda,Oromia ,ORG00000413,ORG00000425,2018,0,0,1,0,,,,
East Harerge,Fentale,Oromia ,ORG00000413,ORG00000424,2018,0,0,2,1,,,,
East Shewa,Gimbichu,Oromia ,ORG00000413,ORG00000422,2018,0,0,2,1,,,,
East Shewa,Liben,Oromia ,ORG00000413,ORG00000428,2018,0,0,2,1,,,,
East Shewa,Lume,Oromia ,ORG00000413,,2018,0,0,0,0,,,,
East Shewa,Metehara Town,Oromia ,ORG00000413,,2018,0,0,2,0,,,,
East Shewa,Mojo Town,Oromia ,ORG00000413,,2018,0,0,0,0,,,,
East Shewa,,,,,2018,0,0,2,1,,,,
East Shewa,Boneya Bushe,Oromia ,ORG00000431,ORG00000433,2018,1,2,1,0,,,,
East Shewa,Diggaa,Oromia ,ORG00000431,ORG00000430,2018,0,2,1,1,,,,
East Shewa,Ebantu,Oromia ,ORG00000431,ORG00000448,2018,0,2,1,0,,,,
East Shewa,Gida Ayana,Oromia ,ORG00000431,ORG00000442,2018,0,2,1,1,,,,
East Shewa,Gobu Sayo,Oromia ,ORG00000431,ORG00000446,2018,0,2,0,0,,,,
East Shewa,Gudeya Bila,Oromia ,ORG00000431,ORG00000443,2018,0,2,1,0,,,,
East Shewa,Guto Gida,Oromia ,ORG00000431,ORG00000445,2018,0,2,0,1,,,,
East Shewa,Haro Limu,Oromia ,ORG00000431,ORG00000440,2018,1,2,0,0,,,,
East Shewa,Jimma Arsjo,Oromia ,ORG00000431,ORG00000439,2018,0,2,2,0,,,,
East Wellega,Kiremu,Oromia ,ORG00000431,ORG00000434,2018,0,2,0,0,,,,
East Wellega,Leka Dulecha,Oromia ,ORG00000431,ORG00000441,2018,0,2,1,0,,,,
East Wellega,Limu,Oromia ,ORG00000431,ORG00000438,2018,0,2,2,0,,,,
East Wellega,Nekemte Town,Oromia ,ORG00000431,ORG00000435,2018,0,2,2,1,,,,
East Wellega,Nunu Kumba,Oromia ,ORG00000431,ORG00000432,2018,0,2,2,0,,,,
East Wellega,Sasiga,Oromia ,ORG00000431,ORG00000436,2018,0,2,2,0,,,,
East Wellega,Sibu Sire,Oromia ,ORG00000431,ORG00000437,2018,0,2,0,0,,,,
East Wellega,Wama Hagalo,Oromia ,ORG00000431,ORG00000447,2018,1,2,1,0,,,,
East Wellega,Wayu Tuka,Oromia ,ORG00000431,ORG00000444,2018,0,2,0,0,,,,
East Wellega,Akaki,Oromia ,ORG00000449,ORG00000460,2018,0,0,0,1,,,,
East Wellega,Barak,Oromia ,ORG00000449,,2018,0,0,0,0,,,,
East Wellega,Burayu Town,Oromia ,ORG00000449,ORG00000452,2018,0,0,1,0,,,,
East Wellega,Dukem Town,Oromia ,ORG00000449,ORG00000453,2018,0,0,0,0,,,,
East Wellega,Gelan Town,Oromia ,ORG00000449,ORG00000454,2018,0,0,0,0,,,,
East Wellega,Holota,Oromia ,ORG00000449,ORG00000455,2018,0,0,0,1,,,,
East Wellega,Legetafo Town,Oromia ,ORG00000449,ORG00000456,2018,0,0,1,1,,,,
East Wellega,Mulo,Oromia ,ORG00000449,ORG00000461,2018,0,0,1,0,,,,
East Wellega,Sebeta Awas,Oromia ,ORG00000449,ORG00000462,2018,0,0,0,0,,,,
Finfine Zuriya,Sebeta Town,Oromia ,ORG00000449,ORG00000457,2018,0,0,0,0,,,,
Finfine Zuriya,Sendafa,Oromia ,ORG00000449,ORG00000458,2018,0,0,2,0,,,,
Finfine Zuriya,Sululta,Oromia ,ORG00000449,ORG00000463,2018,0,0,0,0,,,,
Finfine Zuriya,Sululta Town,Oromia ,ORG00000449,ORG00000459,2018,0,0,1,0,,,,
Finfine Zuriya,Walmera,Oromia ,ORG00000449,ORG00000450,2018,0,0,0,1,,,,
Finfine Zuriya,Adola Town,Oromia ,ORG00000464,ORG00000466,2018,0,0,1,0,,,,
Finfine Zuriya,Aga Wayu,Oromia ,ORG00000464,ORG00000478,2018,0,0,1,1,,,,
Finfine Zuriya,Ana Sora,Oromia ,ORG00000464,ORG00000468,2018,0,0,2,0,,,,
Finfine Zuriya,Bore,Oromia ,ORG00000464,ORG00000473,2018,0,0,2,0,,,,
Finfine Zuriya,Dama,Oromia ,ORG00000464,ORG00000472,2018,0,0,2,0,,,,
Finfine Zuriya,Girja,Oromia ,ORG00000464,ORG00000471,2018,0,0,1,1,,,,
Finfine Zuriya,Goro Dola,Oromia ,ORG00000464,ORG00000469,2018,0,0,0,1,,,,
Finfine Zuriya,Haro Wolabu ,Oromia ,ORG00000464,ORG00000476,2018,0,0,2,0,,,,
Finfine Zuriya,Liben,Oromia ,ORG00000464,ORG00000474,2018,0,0,0,1,,,,
Guji,Negele town,Oromia ,ORG00000464,ORG00000470,2018,0,0,0,1,,,,
Guji,Odo Shakiso,Oromia ,ORG00000464,ORG00000480,2018,0,0,1,1,,,,
Guji,,,,,2018,0,0,2,0,,,,
Guji,Saba boru,Oromia ,ORG00000464,,2018,0,0,0,1,,,,
Guji,Uraga,Oromia ,ORG00000464,ORG00000479,2018,0,0,1,0,,,,
Guji,Wadera,Oromia ,ORG00000464,ORG00000465,2018,0,0,1,0,,,,
Guji,Abay Chommen,Oromia ,ORG00000482,ORG00000484,2018,0,2,1,0,,,,
Guji,Abe Dongoro,Oromia ,ORG00000482,ORG00000483,2018,0,2,2,0,,,,
Guji,Amuru,Oromia ,ORG00000482,ORG00000485,2018,1,2,1,1,,,,
Guji,Guduru,Oromia ,ORG00000482,ORG00000491,2018,0,2,1,0,,,,
Guji,Hababo Guduru,Oromia ,ORG00000482,ORG00000492,2018,0,2,1,0,,,,
Guji,Horo,Oromia ,ORG00000482,ORG00000486,2018,0,0,2,0,,,,
Guji,Jardega jarte,Oromia ,ORG00000482,ORG00000489,2018,0,2,1,0,,,,
Guji,Jimma Gannati,Oromia ,ORG00000482,ORG00000488,2018,0,0,1,0,,,,
Guji,Jimma Rare,Oromia ,ORG00000482,ORG00000490,2018,0,0,2,0,,,,
Guji,Shambu Town,Oromia ,ORG00000482,ORG00000487,2018,0,0,1,1,,,,
Guji,Ale,Oromia ,ORG00000493,ORG00000503,2018,0,2,2,1,,,,
Horo Guduru,Alge Sachi,Oromia ,ORG00000493,ORG00000506,2018,0,2,2,0,,,,
Horo Guduru,Becho,Oromia ,ORG00000493,ORG00000495,2018,0,2,1,1,,,,
Horo Guduru,Bilo Nopha,Oromia ,ORG00000493,ORG00000500,2018,0,2,2,0,,,,
Horo Guduru,,,,,2018,0,2,1,0,,,,
Horo Guduru,,,,,2018,0,2,2,0,,,,
Horo Guduru,,,,,2018,0,2,2,1,,,,
Horo Guduru,Bure,Oromia ,ORG00000493,ORG00000507,2018,0,2,2,1,,,,
Horo Guduru,,,,,2018,0,2,2,1,,,,
Horo Guduru,,,,,2018,0,2,1,0,,,,
Horo Guduru,,,,,2018,0,2,0,1,,,,
Horo Guduru,Darimu,Oromia ,ORG00000493,ORG00000494,2018,0,2,2,0,,,,
Horo Guduru,,,,,2018,0,2,1,1,,,,
Illu Aba bora,Didu,Oromia ,ORG00000493,ORG00000499,2018,0,2,2,0,,,,
Illu Aba bora,,,,,2018,0,2,2,0,,,,
Illu Aba bora,Doranii,Oromia ,ORG00000493,,2018,0,2,1,0,,,,
Illu Aba bora,Gechi,Oromia ,ORG00000377,ORG00000385,2018,0,2,2,0,,,,
Illu Aba bora,Halu,Oromia ,ORG00000493,,2018,0,2,2,0,,,,
Illu Aba bora,Hurumu,Oromia ,ORG00000493,ORG00000505,2018,0,2,2,0,,,,
Illu Aba bora,Meko,Oromia ,ORG00000377,ORG00000384,2018,0,2,1,0,,,,
Illu Aba bora,Metu,Oromia ,ORG00000493,ORG00000502,2018,0,2,2,0,,,,
Illu Aba bora,Metu Town,Oromia ,ORG00000493,ORG00000496,2018,0,2,2,1,,,,
Illu Aba bora,Nonno  sale,Oromia ,ORG00000493,ORG00000501,2018,0,2,2,0,,,,
Illu Aba bora,Yayo,Oromia ,ORG00000493,ORG00000504,2018,0,2,1,1,,,,
Illu Aba bora,Agaro Town,Oromia ,ORG00000508,ORG00000512,2018,0,2,1,0,,,,
Illu Aba bora,Chora Boter,Oromia ,ORG00000508,ORG00000525,2018,0,2,1,0,,,,
Illu Aba bora,Dedo,Oromia ,ORG00000508,ORG00000527,2018,0,2,1,0,,,,
Jimma,Gera,Oromia ,ORG00000508,ORG00000516,2018,0,2,1,0,,,,
Jimma,Gomma,Oromia ,ORG00000508,ORG00000515,2018,0,2,2,1,,,,
Jimma,Gumay,Oromia ,ORG00000508,ORG00000515,2018,0,2,1,1,,,,
Jimma,Jimma Town,Oromia ,ORG00000508,ORG00000513,2018,0,2,2,1,,,,
Jimma,Kersa,Oromia ,ORG00000508,ORG00000519,2018,0,2,2,0,,,,
Jimma,Limu Kossa,Oromia ,ORG00000508,ORG00000510,2018,0,2,1,1,,,,
Jimma,Limu Seka,Oromia ,ORG00000508,ORG00000524,2018,0,2,1,0,,,,
Jimma,Manna,Oromia ,ORG00000508,ORG00000521,2018,0,2,2,1,,,,
Jimma,Nono Benja,Oromia ,ORG00000508,ORG00000514,2018,0,2,1,0,,,,
Jimma,Omo Nada,Oromia ,ORG00000508,ORG00000530,2018,0,2,2,1,,,,
Jimma,Seka Chokorsa,Oromia ,ORG00000508,ORG00000509,2018,0,2,1,0,,,,
Jimma,Setema,Oromia ,ORG00000508,ORG00000517,2018,0,2,1,0,,,,
Jimma,Shabe Sombo,Oromia ,ORG00000508,ORG00000520,2018,0,2,1,0,,,,
Jimma,Sigimo,Oromia ,ORG00000508,ORG00000518,2018,0,2,1,1,,,,
Jimma,Sokoru,Oromia ,ORG00000508,ORG00000523,2018,0,2,1,0,,,,
Jimma,Tiro Afeta,Oromia ,ORG00000508,ORG00000522,2018,0,2,2,1,,,,
Jimma,Anfilo,Oromia ,ORG00000531,ORG00000536,2018,1,2,2,0,,,,
Jimma,Dale sedi,Oromia ,ORG00000531,ORG00000540,2018,0,2,1,0,,,,
Jimma,Dale Wabara,Oromia ,ORG00000531,ORG00000535,2018,1,2,2,1,,,,
Jimma,Dembi Dollo Town,Oromia ,ORG00000531,,2018,0,2,1,0,,,,
Jimma,Gawo Kebe,Oromia ,ORG00000531,ORG00000537,2018,0,2,2,0,,,,
Jimma,Gidami,Oromia ,ORG00000531,ORG00000538,2018,0,2,2,0,,,,
Kelem Wellega,Hawa Gelan,Oromia ,ORG00000531,ORG00000541,2018,0,2,2,1,,,,
Kelem Wellega,Jimma Horo,Oromia ,ORG00000531,ORG00000539,2018,0,2,2,0,,,,
Kelem Wellega,Lalo Kile,Oromia ,ORG00000531,ORG00000542,2018,0,2,2,0,,,,
Kelem Wellega,Seyo,Oromia ,ORG00000531,ORG00000533,2018,1,2,2,0,,,,
Kelem Wellega,Yamelogi Walal,Oromia ,ORG00000531,,2018,0,2,2,0,,,,
Kelem Wellega,Abichugna,Oromia ,ORG00000543,ORG00000549,2018,0,0,2,0,,,,
Kelem Wellega,Aleltu,Oromia ,ORG00000543,ORG00000555,2018,0,0,1,0,,,,
Kelem Wellega,Debre Libanos,Oromia ,ORG00000543,ORG00000548,2018,0,0,1,0,,,,
Kelem Wellega,Degem,Oromia ,ORG00000543,ORG00000554,2018,0,0,2,1,,,,
Kelem Wellega,Dera,Oromia ,ORG00000543,ORG00000551,2018,0,0,1,1,,,,
Kelem Wellega,Fiche Town,Oromia ,ORG00000543,ORG00000552,2018,0,0,2,0,,,,
Kelem Wellega,Girar Jarso,Oromia ,ORG00000543,ORG00000553,2018,0,0,0,0,,,,
North Shoa Zone,Hidhabu Abote,Oromia ,ORG00000543,ORG00000550,2018,0,0,2,1,,,,
North Shoa Zone,Jida,Oromia ,ORG00000543,ORG00000546,2018,0,0,1,1,,,,
North Shoa Zone,Kimbibit,Oromia ,ORG00000543,ORG00000547,2018,0,0,2,1,,,,
North Shoa Zone,Kuyu,Oromia ,ORG00000543,ORG00000545,2018,0,0,2,1,,,,
North Shoa Zone,Were Jarso,Oromia ,ORG00000543,ORG00000557,2018,0,0,2,1,,,,
North Shoa Zone,Wuchale,Oromia ,ORG00000543,ORG00000556,2018,0,0,1,0,,,,
North Shoa Zone,Yaya Gulele ,Oromia ,ORG00000543,ORG00000544,2018,0,0,0,0,,,,
North Shoa Zone,Amayyaa,Oromia ,ORG00000558,,2018,0,0,0,0,,,,
North Shoa Zone,Bachoo,Oromia ,ORG00000558,,2018,0,0,0,0,,,,
North Shoa Zone,Daawoo,Oromia ,ORG00000558,ORG00000564,2018,0,0,0,0,,,,
North Shoa Zone,,,,,2018,0,0,0,0,,,,
North Shoa Zone,Goro,Oromia ,ORG00000558,ORG00000570,2018,0,0,0,0,,,,
North Shoa Zone,Kersa Malima,Oromia ,ORG00000558,ORG00000567,2018,0,0,0,0,,,,
North Shoa Zone,Saden Sodo,Oromia ,ORG00000558,,2018,0,0,0,0,,,,
Southwest Shewa,Sodo Dachi,Oromia ,ORG00000558,ORG00000562,2018,0,0,0,0,,,,
Southwest Shewa,Tole,Oromia ,ORG00000558,ORG00000561,2018,0,0,0,0,,,,
Southwest Shewa,Waliso ,Oromia ,ORG00000558,,2018,0,0,0,0,,,,
Southwest Shewa,Waliso Town,Oromia ,ORG00000558,ORG00000560,2018,0,0,0,1,,,,
Southwest Shewa,Wonchi,Oromia ,ORG00000558,ORG00000569,2018,0,0,0,0,,,,
Southwest Shewa,Adaba,Oromia ,ORG00000613,ORG00000618,2018,0,0,0,0,,,,
Southwest Shewa,Arsi Negele,Oromia ,ORG00000613,ORG00000614,2018,0,0,1,0,,,,
Southwest Shewa,Arsi Negele Town,Oromia ,ORG00000613,ORG00000614,2018,0,0,1,0,,,,
Southwest Shewa,Bishan Guracha Town,Oromia ,ORG00000613,ORG00000615,2018,0,0,1,1,,,,
Southwest Shewa,Dodola,Oromia ,ORG00000613,ORG00000623,2018,0,0,2,0,,,,
Southwest Shewa,Dodola Town,Oromia ,ORG00000613,ORG00000616,2018,0,0,0,0,,,,
Southwest Shewa,Gedeb Asasa,Oromia ,ORG00000613,ORG00000617,2018,0,0,0,0,,,,
West Arsi,Kofele,Oromia ,ORG00000613,ORG00000619,2018,1,0,1,0,,,,
West Arsi,Kokosa,Oromia ,ORG00000613,ORG00000620,2018,0,0,2,0,,,,
West Arsi,Kore,Oromia ,ORG00000613,ORG00000622,2018,0,0,0,0,,,,
West Arsi,Nansebo,Oromia ,ORG00000613,ORG00000621,2018,0,0,1,1,,,,
West Arsi,Shala,Oromia ,ORG00000613,ORG00000624,2018,0,0,1,0,,,,
West Arsi,Shashemene,Oromia ,ORG00000613,ORG00000625,2018,0,0,1,0,,,,
West Arsi,Shashemene Town,Oromia ,ORG00000613,ORG00000625,2018,0,0,0,1,,,,
West Arsi,Siraro,Oromia ,ORG00000613,ORG00000628,2018,0,0,0,0,,,,
West Arsi,Wondo,Oromia ,ORG00000613,ORG00000626,2018,0,0,2,0,,,,
West Arsi,Abaya,Oromia ,ORG00000631,ORG00000635,2018,0,0,1,1,,,,
West Arsi,Birbirsa Kojowa,Oromia ,ORG00000631,ORG00000637,2018,0,0,0,1,,,,
West Arsi,Bule Hora,Oromia ,ORG00000631,ORG00000641,2018,0,0,1,1,,,,
West Arsi,Bule Hora Town,Oromia ,ORG00000631,ORG00000642,2018,0,0,1,1,,,,
West Arsi,Dugda Dawa,Oromia ,ORG00000631,ORG00000633,2018,0,0,0,1,,,,
West Arsi,Gelana,Oromia ,ORG00000631,ORG00000632,2018,0,0,0,1,,,,
West Arsi,Hambela Wamena ,Oromia ,ORG00000631,,2018,0,0,1,1,,,,
West Arsi,Kercha,Oromia ,ORG00000631,ORG00000638,2018,0,0,0,1,,,,
West Harerge,Gemechis,Oromia ,ORG00000571,ORG00000585,2018,0,0,0,1,,,,
West Harerge,Guba Koricha,Oromia ,ORG00000571,ORG00000583,2018,0,0,1,1,,,,
West Harerge,Habro,Oromia ,ORG00000571,ORG00000580,2018,0,0,1,1,,,,
West Harerge,Hawi Gudina,Oromia ,ORG00000571,ORG00000584,2018,0,0,2,1,,,,
West Harerge,,,,,2018,0,0,1,1,,,,
West Harerge,Mesela,Oromia ,ORG00000571,ORG00000581,2018,0,0,0,1,,,,
West Harerge,Mi'eso,Oromia ,ORG00000571,ORG00000586,2018,0,0,2,1,,,,
West Harerge,Tullo,Oromia ,ORG00000571,ORG00000578,2018,0,0,2,1,,,,
West Harerge,Abuna Gindeberet,Oromia ,ORG00000589,ORG00000599,2018,0,0,0,0,,,,
West Harerge,Adea Berga,Oromia ,ORG00000589,ORG00000600,2018,0,0,1,0,,,,
West Harerge,Ambo ,Oromia ,ORG00000589,,2018,1,0,0,0,,,,
West Harerge,Ambo Town,Oromia ,ORG00000589,ORG00000590,2018,0,0,1,1,,,,
West Harerge,Bako Tibe,Oromia ,ORG00000589,ORG00000603,2018,0,2,1,0,,,,
West Harerge,Chelia,Oromia ,ORG00000589,ORG00000611,2018,0,2,1,0,,,,
West Harerge,Dano,Oromia ,ORG00000589,ORG00000598,2018,1,2,0,0,,,,
West Harerge,Dendi,Oromia ,ORG00000589,ORG00000605,2018,0,0,1,0,,,,
West Harerge,Dire (Tikur) Enchini ,Oromia ,ORG00000589,,2018,0,0,1,0,,,,
West Shewa,Ejere,Oromia ,ORG00000589,ORG00000597,2018,0,0,0,0,,,,
West Shewa,,,,,2018,0,0,2,1,,,,
West Shewa,,,,,2018,0,0,0,0,,,,
West Shewa,Elu Gelan,Oromia ,ORG00000589,ORG00000591,2018,0,2,1,0,,,,
West Shewa,Jeldu,Oromia ,ORG00000589,ORG00000607,2018,0,0,1,1,,,,
West Shewa,Jibat,Oromia ,ORG00000589,ORG00000601,2018,0,2,1,0,,,,
West Shewa,Meta Robi,Oromia ,ORG00000589,ORG00000609,2018,0,0,1,0,,,,
West Shewa,Mida Kegn,Oromia ,ORG00000589,ORG00000596,2018,0,0,1,1,,,,
West Shewa,Nono,Oromia ,ORG00000589,ORG00000593,2018,0,2,0,1,,,,
West Shewa,Toke Kutaye,Oromia ,ORG00000589,ORG00000602,2018,0,0,1,0,,,,
West Shewa,Aira,Oromia ,ORG00000644,ORG00000646,2018,0,2,0,1,,,,
West Shewa,Babo Gambel,Oromia ,ORG00000644,ORG00000657,2018,0,2,1,1,,,,
West Shewa,Begi,Oromia ,ORG00000644,ORG00000658,2018,0,2,1,0,,,,
West Shewa,Bodji Chokorsa,Oromia ,ORG00000644,ORG00000649,2018,0,2,0,0,,,,
West Shewa,Bodji Dirmaji ,Oromia ,ORG00000644,ORG00000653,2018,0,2,0,1,,,,
West Shewa,Genji,Oromia ,ORG00000644,ORG00000663,2018,0,2,1,0,,,,
West Shewa,Gimbi Rural,Oromia ,ORG00000644,ORG00000661,2018,1,2,1,1,,,,
West Shewa,Gimbi Town,Oromia ,ORG00000644,ORG00000647,2018,0,2,1,1,,,,
West Shewa,Guliso,Oromia ,ORG00000644,ORG00000662,2018,0,2,2,0,,,,
West Shewa,Haru,Oromia ,ORG00000644,ORG00000656,2018,0,2,2,1,,,,
West Shewa,Homa,Oromia ,ORG00000644,ORG00000648,2018,0,2,1,1,,,,
West Shewa,Jarso,Oromia ,ORG00000644,ORG00000645,2018,0,2,0,0,,,,
West Shewa,Kiltu Karra,Oromia ,ORG00000644,ORG00000652,2018,0,2,1,1,,,,
West Wellega,Kondala,Oromia ,ORG00000644,ORG00000655,2018,0,2,2,1,,,,
West Wellega,Lalo Assabi ,Oromia ,ORG00000644,ORG00000660,2018,0,2,1,0,,,,
West Wellega,Mana Sibu ,Oromia ,ORG00000644,,2018,0,2,1,1,,,,
West Wellega,Nedjo Rural,Oromia ,ORG00000644,ORG00000666,2018,0,2,1,1,,,,
West Wellega,Nedjo Town,Oromia ,ORG00000644,ORG00000650,2018,0,2,1,1,,,,
West Wellega,Nole Kaba,Oromia ,ORG00000644,ORG00000651,2018,0,2,0,0,,,,
West Wellega,Seyo Nole,Oromia ,ORG00000644,ORG00000654,2018,0,2,1,0,,,,
West Wellega,Yubdo,Oromia ,ORG00000644,ORG00000659,2018,0,2,1,1,,,,
West Wellega,Bero,SNNPR,ORG00000669,ORG00000677,2018,1,2,2,1,,,,
West Wellega,Gura ferda,SNNPR,ORG00000669,ORG00000671,2018,1,2,2,1,,,,
West Wellega,Maji,SNNPR,ORG00000669,ORG00000673,2018,1,2,2,1,,,,
West Wellega,Meint Goldia,SNNPR,ORG00000669,ORG00000679,2018,1,2,2,0,,,,
West Wellega,Meint Shasha,SNNPR,ORG00000669,ORG00000670,2018,1,2,2,1,,,,
West Wellega,Mizan Aman Town,SNNPR,ORG00000669,ORG00000678,2018,1,2,2,1,,,,
West Wellega,Semen Bench,SNNPR,ORG00000669,ORG00000680,2018,0,2,2,1,,,,
West Wellega,Sheko,SNNPR,ORG00000669,ORG00000672,2018,0,2,2,1,,,,
West Wellega,Shey Bench,SNNPR,ORG00000669,ORG00000674,2018,1,2,2,0,,,,
West Wellega,Surma,SNNPR,ORG00000669,ORG00000676,2018,1,2,2,1,,,,
West Wellega,Gena-Bossa,SNNPR,ORG00000681,ORG00000685,2018,1,2,2,1,,,,
West Wellega,Isara,SNNPR,ORG00000681,,2018,1,2,2,0,,,,
West Wellega,,,,,2018,0,2,1,0,,,,
West Wellega,Loma,SNNPR,ORG00000681,ORG00000687,2018,0,2,2,0,,,,
West Wellega,Mareka,SNNPR,ORG00000681,ORG00000686,2018,0,2,2,0,,,,
Basketo Special Woreda,Terch Town,SNNPR,ORG00000681,ORG00000684,2018,0,2,2,1,,,,
Bench Maji,Tocha,SNNPR,ORG00000681,ORG00000683,2018,0,2,2,0,,,,
Bench Maji,Mareko,SNNPR,ORG00000688,ORG00000689,2018,0,0,2,1,,,,
Bench Maji,Meskan,SNNPR,ORG00000688,ORG00000690,2018,0,0,2,0,,,,
Bench Maji,Sodo,SNNPR,ORG00000688,ORG00000691,2018,0,0,1,0,,,,
Bench Maji,Arbaminch Town,SNNPR,ORG00000692,ORG00000699,2018,0,0,1,0,,,,
Bench Maji,Arbaminch zuria,SNNPR,ORG00000692,ORG00000698,2018,0,0,1,0,,,,
Bench Maji,Bonkie,SNNPR,ORG00000692,ORG00000706,2018,0,0,1,0,,,,
Bench Maji,Boreda,SNNPR,ORG00000692,ORG00000700,2018,1,0,1,0,,,,
Bench Maji,Chencha,SNNPR,ORG00000692,ORG00000697,2018,0,0,2,0,,,,
Bench Maji,Daramalo,SNNPR,ORG00000692,ORG00000704,2018,0,0,1,0,,,,
Bench Maji,Demba Gofa,SNNPR,ORG00000692,ORG00000701,2018,0,0,1,0,,,,
Dawro,Dita,SNNPR,ORG00000692,ORG00000695,2018,0,0,2,0,,,,
Dawro,Gezie Gofa,SNNPR,ORG00000692,ORG00000694,2018,1,0,1,0,,,,
Dawro,Kemba,SNNPR,ORG00000692,ORG00000708,2018,0,0,2,0,,,,
Dawro,Kucha,SNNPR,ORG00000692,ORG00000693,2018,0,0,0,0,,,,
Dawro,Melokoza,SNNPR,ORG00000692,ORG00000703,2018,0,0,1,0,,,,
Dawro,Mirab Abaya,SNNPR,ORG00000692,ORG00000709,2018,0,0,1,0,,,,
East Gurage,O'yida,SNNPR,ORG00000692,ORG00000696,2018,1,0,2,0,,,,
East Gurage,Sawla Town,SNNPR,ORG00000692,,2018,0,0,2,0,,,,
East Gurage,Uba Debretsehay,SNNPR,ORG00000692,ORG00000702,2018,1,0,1,0,,,,
Gamo Gofa,Zala,SNNPR,ORG00000692,ORG00000707,2018,0,0,1,0,,,,
Gamo Gofa,Bule,SNNPR,ORG00000710,ORG00000713,2018,0,0,2,1,,,,
Gamo Gofa,Dilla Town,SNNPR,ORG00000710,ORG00000716,2018,0,0,2,1,,,,
Gamo Gofa,Dilla Zurya,SNNPR,ORG00000710,ORG00000714,2018,0,0,2,0,,,,
Gamo Gofa,Gedeb,SNNPR,ORG00000710,ORG00000711,2018,0,0,2,0,,,,
Gamo Gofa,Kochere,SNNPR,ORG00000710,ORG00000715,2018,0,0,2,0,,,,
Gamo Gofa,Wenago,SNNPR,ORG00000710,ORG00000712,2018,0,0,2,0,,,,
Gamo Gofa,Yirgachefe,SNNPR,ORG00000710,ORG00000718,2018,0,0,2,0,,,,
Gamo Gofa,Yirgachefe Town,SNNPR,ORG00000710,ORG00000717,2018,1,0,2,1,,,,
Gamo Gofa,Abeshge,SNNPR,ORG00000719,ORG00000723,2018,0,0,0,1,,,,
Gamo Gofa,Butajira Town,SNNPR,ORG00000719,ORG00000721,2018,0,0,0,0,,,,
Gamo Gofa,Cheha,SNNPR,ORG00000719,ORG00000729,2018,0,0,1,1,,,,
Gamo Gofa,Enemorna Ener,SNNPR,ORG00000719,ORG00000730,2018,0,0,0,0,,,,
Gamo Gofa,Ezha,SNNPR,ORG00000719,ORG00000720,2018,0,0,1,0,,,,
Gamo Gofa,Gedebano Gutazer Wolene (Kokir),SNNPR,ORG00000719,ORG00000724,2018,0,0,2,1,,,,
Gamo Gofa,Geta,SNNPR,ORG00000719,ORG00000727,2018,0,0,0,0,,,,
Gamo Gofa,Gumer,SNNPR,ORG00000719,ORG00000728,2018,0,0,0,1,,,,
Gedio,Kebena,SNNPR,ORG00000719,ORG00000726,2018,0,0,1,0,,,,
Gedio,Muhur Aklil,SNNPR,ORG00000719,ORG00000725,2018,0,0,0,0,,,,
Gedio,Welkite Town,SNNPR,ORG00000719,,2018,0,0,1,1,,,,
Gedio,Annalemo,SNNPR,ORG00000731,ORG00000738,2018,0,0,2,1,,,,
Gedio,Duna,SNNPR,ORG00000731,ORG00000737,2018,0,0,2,1,,,,
Gedio,Gibe,SNNPR,ORG00000731,ORG00000740,2018,0,0,1,0,,,,
Gedio,Gobmora,SNNPR,ORG00000731,ORG00000739,2018,0,0,2,0,,,,
Gedio,Hosana Town,SNNPR,ORG00000731,ORG00000733,2018,0,0,0,1,,,,
Gurage,Lemo,SNNPR,ORG00000731,ORG00000741,2018,0,0,1,0,,,,
Gurage,Mirab Badawacho,SNNPR,ORG00000731,ORG00000734,2018,0,0,2,1,,,,
Gurage,Misha,SNNPR,ORG00000731,ORG00000736,2018,0,0,1,0,,,,
Gurage,Misrak Badawacho,SNNPR,ORG00000731,ORG00000734,2018,0,0,2,1,,,,
Gurage,Shashego,SNNPR,ORG00000731,ORG00000742,2018,0,0,1,0,,,,
Gurage,Soro,SNNPR,ORG00000731,ORG00000735,2018,0,0,1,1,,,,
Gurage,Adiyio,SNNPR,ORG00000743,ORG00000746,2018,0,2,2,1,,,,
Gurage,Bita,SNNPR,ORG00000743,ORG00000750,2018,0,2,2,0,,,,
Gurage,Bonga Town,SNNPR,ORG00000743,,2018,0,2,2,0,,,,
Gurage,Chena,SNNPR,ORG00000743,ORG00000753,2018,0,2,2,0,,,,
Gurage,Cheta,SNNPR,ORG00000743,ORG00000753,2018,0,2,2,0,,,,
Hadiya,Decha,SNNPR,ORG00000743,ORG00000749,2018,0,2,2,0,,,,
Hadiya,Gesha,SNNPR,ORG00000743,ORG00000747,2018,0,2,2,1,,,,
Hadiya,Gewata,SNNPR,ORG00000743,ORG00000752,2018,0,2,2,0,,,,
Hadiya,Gimbo,SNNPR,ORG00000743,ORG00000754,2018,0,2,2,0,,,,
Hadiya,Saylem,SNNPR,ORG00000743,ORG00000744,2018,0,2,2,0,,,,
Hadiya,Tello,SNNPR,ORG00000743,ORG00000745,2018,0,2,2,0,,,,
Hadiya,Angacha,SNNPR,ORG00000755,ORG00000759,2018,0,0,1,0,,,,
Hadiya,Danboya,SNNPR,ORG00000755,ORG00000763,2018,0,0,2,1,,,,
Hadiya,Doyogena,SNNPR,ORG00000755,ORG00000760,2018,0,0,2,0,,,,
Hadiya,Durame Town,SNNPR,ORG00000755,ORG00000758,2018,0,0,1,0,,,,
Hadiya,Hadero Tunto Zuria,SNNPR,ORG00000755,ORG00000757,2018,0,0,2,1,,,,
Halaba Special Woreda,Kacha Birra,SNNPR,ORG00000755,ORG00000756,2018,0,0,2,0,,,,
Kafa,Kedida Gamela,SNNPR,ORG00000755,ORG00000762,2018,0,0,2,0,,,,
Kafa,Tembaro,SNNPR,ORG00000755,ORG00000761,2018,0,0,2,0,,,,
Kafa,Alle,SNNPR,ORG00000764,ORG00000768,2018,0,0,1,0,,,,
Kafa,Amaro,SNNPR,ORG00000764,ORG00000767,2018,0,0,2,0,,,,
Kafa,Burji,SNNPR,ORG00000764,ORG00000766,2018,0,0,2,0,,,,
Kafa,Derashe,SNNPR,ORG00000764,ORG00000765,2018,0,0,2,0,,,,
Kafa,Andracha,SNNPR,ORG00000769,ORG00000770,2018,0,2,2,1,,,,
Kafa,Masha,SNNPR,ORG00000769,ORG00000774,2018,0,2,2,1,,,,
Kafa,Masha Town,SNNPR,ORG00000769,ORG00000773,2018,0,2,2,0,,,,
Kafa,Tepi Town,SNNPR,ORG00000769,ORG00000771,2018,0,2,2,0,,,,
Kafa,Yeki,SNNPR,ORG00000769,ORG00000772,2018,0,2,2,1,,,,
Kembata Tembaro,Aleta Chiko (Chiko),SNNPR,ORG00000775,ORG00000782,2018,0,0,2,1,,,,
Kembata Tembaro,Aleta Wondo,SNNPR,ORG00000775,ORG00000789,2018,0,0,2,1,,,,
Kembata Tembaro,Aleta Wondo Town,SNNPR,ORG00000775,ORG00000789,2018,0,0,2,1,,,,
Kembata Tembaro,Arbegona,SNNPR,ORG00000775,ORG00000776,2018,0,0,2,0,,,,
Kembata Tembaro,Aroresa,SNNPR,ORG00000775,ORG00000783,2018,0,0,2,0,,,,
Kembata Tembaro,Bensa,SNNPR,ORG00000775,ORG00000779,2018,0,0,2,0,,,,
Kembata Tembaro,Bona Zuria,SNNPR,ORG00000775,ORG00000781,2018,0,0,2,0,,,,
Kembata Tembaro,Boricha,SNNPR,ORG00000775,ORG00000788,2018,0,0,2,0,,,,
Konta Special Woreda,Bursa,SNNPR,ORG00000775,ORG00000780,2018,0,0,2,0,,,,
Segen,Chire,SNNPR,ORG00000775,ORG00000785,2018,0,0,2,0,,,,
Segen,Dale,SNNPR,ORG00000775,ORG00000784,2018,0,0,2,1,,,,
Segen,Dara,SNNPR,ORG00000775,ORG00000790,2018,0,0,2,0,,,,
Segen,Gorchie,SNNPR,ORG00000775,ORG00000787,2018,0,0,2,0,,,,
Segen,Hawasa Zuria,SNNPR,ORG00000775,ORG00000786,2018,0,0,2,1,,,,
Sheka,Hawassa City ,SNNPR,ORG00000775,,2018,0,0,1,0,,,,
Sheka,Hawela Tula,SNNPR,ORG00000775,,2018,1,0,2,1,,,,
Sheka,Hula,SNNPR,ORG00000775,ORG00000795,2018,1,0,2,0,,,,
Sheka,Loka Abaya,SNNPR,ORG00000775,ORG00000791,2018,0,0,2,0,,,,
Sheka,Malga,SNNPR,ORG00000775,ORG00000794,2018,0,0,2,0,,,,
Sidama,Shebedino,SNNPR,ORG00000775,ORG00000796,2018,0,0,2,0,,,,
Sidama,Wondo Genet,SNNPR,ORG00000775,ORG00000792,2018,0,0,2,1,,,,
Sidama,Wonsho,SNNPR,ORG00000775,ORG00000793,2018,0,0,2,1,,,,
Sidama,Yirgalem town,SNNPR,ORG00000775,ORG00000797,2018,0,0,2,1,,,,
Sidama,Alicho wuriro,SNNPR,ORG00000798,ORG00000803,2018,0,0,0,0,,,,
Sidama,Dalocha,SNNPR,ORG00000798,ORG00000799,2018,0,0,2,1,,,,
Sidama,Hulbarg,SNNPR,ORG00000798,ORG00000802,2018,0,0,2,0,,,,
Sidama,Lanforo,SNNPR,ORG00000798,ORG00000805,2018,1,0,2,0,,,,
Sidama,Mirab Azernet Berbere,SNNPR,ORG00000798,ORG00000800,2018,0,0,0,0,,,,
Sidama,Misirak Azernet Berbere,SNNPR,ORG00000798,ORG00000800,2018,0,0,0,0,,,,
Sidama,Sankura,SNNPR,ORG00000798,ORG00000807,2018,1,0,1,0,,,,
Sidama,Silti,SNNPR,ORG00000798,ORG00000804,2018,0,0,2,1,,,,
Sidama,Worabie,SNNPR,ORG00000798,ORG00000801,2018,0,0,2,0,,,,
Sidama,BenaTsemay,SNNPR,ORG00000808,ORG00000817,2018,1,0,2,1,,,,
Sidama,Dassenech,SNNPR,ORG00000808,ORG00000812,2018,0,0,0,0,,,,
Sidama,Hamer,SNNPR,ORG00000808,ORG00000810,2018,1,0,0,1,,,,
Sidama,Jinka Town,SNNPR,ORG00000808,ORG00000809,2018,1,0,2,1,,,,
Sidama,Malie,SNNPR,ORG00000808,ORG00000816,2018,0,0,2,0,,,,
Sidama,,,,,2018,0,0,2,0,,,,
Sidama,Nyngatom,SNNPR,ORG00000808,ORG00000814,2018,0,0,1,1,,,,
Sidama,Salamago,SNNPR,ORG00000808,ORG00000811,2018,1,0,2,1,,,,
Sidama,Semen Ari,SNNPR,ORG00000808,,2018,1,0,2,1,,,,
Sidama,,,,,2018,0,0,2,1,,,,
Silti,,,,,2018,0,0,2,1,,,,
Silti,,,,,2018,0,2,2,0,,,,
Silti,,,,,2018,0,0,2,0,,,,
Silti,,,,,2018,0,2,1,0,,,,
Silti,,,,,2018,0,0,1,0,,,,
Silti,,,,,2018,0,0,1,0,,,,
Silti,,,,,2018,0,0,1,1,,,,
Silti,,,,,2018,0,0,2,1,,,,
Silti,,,,,2018,0,0,2,1,,,,
South Omo,,,,,2018,0,0,1,0,,,,
South Omo,,,,,2018,0,0,2,0,,,,
South Omo,,,,,2018,0,0,1,1,,,,
South Omo,,,,,2018,0,0,2,0,,,,
South Omo,,,,,2018,0,0,1,1,,,,
South Omo,Humbo,SNNPR,ORG00000827,ORG00000836,2018,0,0,1,0,,,,
South Omo,Kindo Daddaye,SNNPR,ORG00000827,ORG00000839,2018,0,0,2,0,,,,
South Omo,Kindo Koisha,SNNPR,ORG00000827,ORG00000841,2018,0,0,1,1,,,,
South Omo,Ofa,SNNPR,ORG00000827,ORG00000829,2018,0,0,1,0,,,,
West Gurage,Sodo Town,SNNPR,ORG00000827,ORG00000837,2018,0,0,1,1,,,,
Wolayita,Sodo Zuria,SNNPR,ORG00000827,ORG00000832,2018,1,0,1,1,,,,
Wolayita,Bare,Somali,ORG00000844,ORG00000854,2018,0,0,0,1,,,,
Wolayita,Chereti,Somali,ORG00000844,ORG00000848,2018,0,0,2,0,,,,
Wolayita,Dolobay,Somali,ORG00000844,ORG00000849,2018,0,0,0,1,,,,
Wolayita,Elkere,Somali,ORG00000844,ORG00000853,2018,0,0,0,0,,,,
Wolayita,Goraboqaksa,Somali,ORG00000844,ORG00000851,2018,0,0,0,0,,,,
Wolayita,Guradamole,Somali,ORG00000844,ORG00000845,2018,0,0,0,0,,,,
Wolayita,Hargele,Somali,ORG00000844,ORG00000846,2018,0,0,2,0,,,,
Wolayita,,,,,2018,0,0,0,0,,,,
Wolayita,Rarso,Somali,ORG00000844,ORG00000850,2018,0,0,0,1,,,,
Wolayita,West Emay,Somali,ORG00000844,ORG00000847,2018,0,0,0,0,,,,
Wolayita,,,,,2018,0,0,0,1,,,,
Wolayita,,,,,2018,0,0,0,1,,,,
Wolayita,,,,,2018,0,0,0,1,,,,
Wolayita,,,,,2018,0,0,0,1,,,,
Yem Special Woreda,Gablalu,Somali,,,2018,0,0,0,1,,,,
Afder,Hadhagala,Somali,,,2018,0,0,0,1,,,,
Afder,Meiso,Somali,,,2018,0,0,0,1,,,,
Afder,Shinile,Somali,,,2018,0,0,2,0,,,,
Afder,Bokh,Somali,ORG00000868,ORG00000869,2018,0,0,0,0,,,,
Afder,Danod,Somali,ORG00000868,ORG00000871,2018,0,0,0,1,,,,
Afder,Daratole,Somali,ORG00000868,ORG00000872,2018,0,0,0,0,,,,
Afder,,,,,2018,0,0,2,0,,,,
Afder,,,,,2018,0,0,0,0,,,,
Afder,Galadin,Somali,ORG00000868,ORG00000870,2018,0,0,1,0,,,,
Afder,Warder,Somali,ORG00000868,ORG00000873,2018,0,0,1,1,,,,
Afder,Fik,Somali,,,2018,0,0,0,1,,,,
Afder,Mayamulku,Somali,,,2018,0,0,0,1,,,,
City,Qubi,Somali,,,2018,0,0,0,0,,,,
City,Gursum,Somali,ORG00000874,ORG00000876,2018,0,0,0,1,,,,
City,Harshim,Somali,ORG00000874,ORG00000879,2018,0,0,0,1,,,,
City,Wangay ,Somali,,,2018,0,0,0,1,,,,
City,Yaxoob ,Somali,,,2018,0,0,0,1,,,,
City,Awbare,Somali,ORG00000874,ORG00000881,2018,0,0,0,1,,,,
City,Babile,Somali,ORG00000874,ORG00000875,2018,0,0,0,1,,,,
City,Goljano,Somali,ORG00000874,ORG00000877,2018,0,0,0,0,,,,
Dolo,,,,,2018,0,0,0,0,,,,
Dolo,Harawa,Somali,ORG00000874,ORG00000882,2018,0,0,0,0,,,,
Dolo,Harorays,Somali,ORG00000874,ORG00000888,2018,0,0,0,0,,,,
Dolo,,,,,2018,0,0,0,0,,,,
Dolo,Jigjiga City ,Somali,ORG00000874,,2018,0,0,0,0,,,,
Dolo,Kebribeyah,Somali,ORG00000874,ORG00000886,2018,0,0,0,0,,,,
Erer,Kebribeyah Town,Somali,ORG00000874,ORG00000886,2018,0,0,0,0,,,,
Erer,Filtu,Somali,ORG00000896,ORG00000901,2018,0,0,0,0,,,,
Erer,Hudet,Somali,ORG00000896,ORG00000899,2018,0,0,0,0,,,,
Erer,Moyale,Somali,ORG00000896,ORG00000902,2018,0,0,0,0,,,,
Erer,Mubarek,Somali,ORG00000896,ORG00000898,2018,0,0,0,0,,,,
Faafan,,,,,2018,0,0,0,0,,,,
Faafan,,,,,2018,0,0,0,0,,,,
Faafan,Garbo,Somali,ORG00000904,ORG00000909,2018,0,0,0,0,,,,
Faafan,Hamaro,Somali,ORG00000904,ORG00000907,2018,0,0,0,0,,,,
Faafan,Hor shagah ,Somali,ORG00000904,,2018,0,0,0,0,,,,
Faafan,Lagahida,Somali,ORG00000904,ORG00000905,2018,0,0,0,0,,,,
Faafan,,,,,2018,0,0,0,0,,,,
Faafan,Sagag,Somali,ORG00000904,ORG00000911,2018,0,0,0,0,,,,
Faafan,Salahad,Somali,ORG00000904,ORG00000906,2018,0,0,0,0,,,,
Faafan,Adadle,Somali,ORG00000914,ORG00000919,2018,0,0,2,0,,,,
Faafan,Beraano,Somali,ORG00000914,ORG00000924,2018,0,0,0,0,,,,
Faafan,Ceelwyane,Somali,ORG00000914,ORG00000918,2018,0,0,0,0,,,,
Faafan,Dhanan,Somali,ORG00000914,ORG00000923,2018,0,0,0,1,,,,
Faafan,East Emi,Somali,ORG00000914,ORG00000920,2018,0,0,0,0,,,,
Jarar,Ferfer,Somali,ORG00000914,ORG00000922,2018,0,0,0,1,,,,
Jarar,Gode,Somali,ORG00000914,ORG00000915,2018,0,0,0,1,,,,
Jarar,Gode Town,Somali,ORG00000914,ORG00000916,2018,0,0,0,1,,,,
Jarar,Kelafo,Somali,ORG00000914,ORG00000921,2018,0,0,2,1,,,,
Jarar,,,,,2018,0,0,2,1,,,,
Jarar,,,,,2018,0,0,2,0,,,,
Jarar,,,,,2018,0,0,0,0,,,,
Jarar,,,,,2018,0,0,0,0,,,,
Jarar,,,,,2018,0,0,2,1,,,,
Jarar,,,,,2018,0,0,2,1,,,,
Liban,,,,,2018,0,0,0,0,,,,
Liban,,,,,2018,0,0,1,0,,,,
Liban,,,,,2018,0,0,0,1,,,,
Liban,,,,,2018,0,0,0,1,,,,
Liban,,,,,2018,0,0,0,1,,,,
Liban,,,,,2018,0,0,1,1,,,,
Liban,Geter Adwa,Tigray,ORG00000935,ORG00000945,2018,0,0,0,1,,,,
Nogob,Kolla Temben,Tigray,ORG00000935,ORG00000947,2018,0,0,1,0,,,,
Nogob,Laelay Maichew,Tigray,ORG00000935,ORG00000940,2018,0,0,0,1,,,,
Nogob,Mereb Lekhe,Tigray,ORG00000935,ORG00000936,2018,0,0,0,1,,,,
Nogob,Naeder Adet,Tigray,ORG00000935,ORG00000944,2018,0,0,1,0,,,,
Nogob,Tahtay Maichew,Tigray,ORG00000935,ORG00000938,2018,0,0,1,0,,,,
Nogob,Tanqua Abergele,Tigray,ORG00000935,ORG00000943,2018,0,0,0,1,,,,
Nogob,Werei Lekhe,Tigray,ORG00000935,,2018,0,0,0,1,,,,
Nogob,Adigrat town,Tigray,ORG00000948,ORG00000950,2018,0,0,0,1,,,,
Nogob,Atsibi Wonberta,Tigray,ORG00000948,ORG00000951,2018,0,0,0,0,,,,
Qorahey,Erob,Tigray,ORG00000948,ORG00000949,2018,0,0,0,1,,,,
Qorahey,Ganta Afeshum,Tigray,ORG00000948,ORG00000953,2018,0,0,0,0,,,,
Qorahey,Glomekeda,Tigray,ORG00000948,ORG00000952,2018,0,0,0,1,,,,
Qorahey,Hawzien,Tigray,ORG00000948,ORG00000955,2018,0,0,0,1,,,,
Qorahey,Kilite Awlalo,Tigray,ORG00000948,ORG00000956,2018,1,0,0,1,,,,
Qorahey,Saesi Tsaeda Amba,Tigray,ORG00000948,ORG00000957,2018,0,0,0,1,,,,
Qorahey,Wukro Town,Tigray,ORG00000948,ORG00000954,2018,0,0,0,1,,,,
Qorahey,Adihaki,Tigray,ORG00000958,ORG00000963,2018,0,0,0,1,,,,
Qorahey,Ayder,Tigray,ORG00000958,ORG00000964,2018,0,0,0,1,,,,
Qorahey,Hadnet,Tigray,ORG00000958,ORG00000965,2018,0,0,0,1,,,,
Qorahey,Hawelti,Tigray,ORG00000958,ORG00000960,2018,0,0,0,1,,,,
Shabele,kedamay Woyane,Tigray,ORG00000958,ORG00000962,2018,0,0,0,1,,,,
Shabele,Quiha,Tigray,ORG00000958,,2018,0,0,0,1,,,,
Shabele,Semen,Tigray,ORG00000958,ORG00000959,2018,0,0,0,1,,,,
Shabele,Asgede Tsimbla,Tigray,ORG00000966,ORG00000970,2018,0,0,1,1,,,,
Shabele,Laelay Adiabo,Tigray,ORG00000966,ORG00000968,2018,0,0,1,1,,,,
Shabele,Medebay Zana,Tigray,ORG00000966,ORG00000967,2018,0,0,1,0,,,,
Shabele,Sheraro Town,Tigray,ORG00000966,ORG00000969,2018,0,0,0,1,,,,
Shabele,Shire Endaselassie Town,Tigray,ORG00000966,,2018,0,0,0,1,,,,
Shabele,Tahtay Adyabo,Tigray,ORG00000966,ORG00000972,2018,0,0,0,1,,,,
Shabele,Tahtay Koraro,Tigray,ORG00000966,ORG00000971,2018,0,0,1,0,,,,
Central Tigray,Tselemti,Tigray,ORG00000966,ORG00000973,2018,0,0,2,1,,,,
Central Tigray,Degua Temben,Tigray,ORG00000975,ORG00000977,2018,0,0,0,0,,,,
Central Tigray,Enderta,Tigray,ORG00000975,ORG00000979,2018,0,0,0,1,,,,
Central Tigray,Hintalo Wajirat,Tigray,ORG00000975,ORG00000978,2018,0,0,0,0,,,,
Central Tigray,Saharti  Samre,Tigray,ORG00000975,ORG00000976,2018,0,0,0,1,,,,
Central Tigray,Alaje,Tigray,ORG00000980,ORG00000983,2018,0,0,0,0,,,,
Central Tigray,,,,,2018,0,0,0,1,,,,
Central Tigray,Alamata Town,Tigray,ORG00000980,ORG00000981,2018,0,0,0,0,,,,
Central Tigray,Endamehoni,Tigray,ORG00000980,ORG00000985,2018,0,0,0,0,,,,
Central Tigray,Korem Town,Tigray,ORG00000980,ORG00000987,2018,0,0,0,0,,,,
Central Tigray,Maichew Town,Tigray,ORG00000980,ORG00000984,2018,0,0,0,0,,,,
Central Tigray,Ofla,Tigray,ORG00000980,ORG00000988,2018,0,0,0,0,,,,
Eastern Tigray,Raya Alamata,Tigray,ORG00000980,,2018,0,0,0,1,,,,
Eastern Tigray,Raya Azebo,Tigray,ORG00000980,ORG00000986,2018,0,0,0,0,,,,
Eastern Tigray,Kafta Humera,Tigray,ORG00000989,ORG00000991,2018,0,0,0,1,,,,
Eastern Tigray,Setit Humera Town,Tigray,ORG00000989,ORG00000990,2018,0,0,0,1,,,,
Eastern Tigray,Tsegede,Tigray,ORG00000989,ORG00000993,2018,0,0,0,1,,,,
Eastern Tigray,Welkait,Tigray,ORG00000989,ORG00000992,2018,0,0,0,1,,,,