Organization Unit,Event Date,Survey Type,Administrative Unit,Site Name,Number of PC rounds,Month,Year,Latitude,Longitude,Age group,Diagnostic Test,Ascaris Nbr examined,Ascaris Nbr Positives,Ascaris % Positives,Ascaris % Positives heavy intensity,Ascaris % Positives Moderate intensity,Ankylostome Nbr examined,Ankylostome Nbr Positives,Ankylostome % Positives,Ankylostome % Positives heavy intensity,Ankylostome % Positives Moderate intensity,Trichuris Nbr examined,Trichuris Nbr Positives,Trichuris % Positives,Trichuris % Positives heavy intensity,Trichuris % Positives Moderate intensity,STH examined,STH Positives,STH % Positives
iuGjpnxnFbI,8/1/21,Mapping,Akule,akule,0,August   ,2021,11.85239697,41.87280655,09 - 15,Kato-Katz,18,3,16,0,16,18,2,11,0,0,18,0,0,0,0,18,2,11
iuGjpnxnFbI,8/1/21,Mapping,Ayirolef Na Geblayitu,Ayroleaf,0,August   ,2021,11.80544281,41.12784576,09 - 15,Kato-Katz,8,2,25,0,0,8,0,0,0,0,8,1,12,0,0,8,1,12
iuGjpnxnFbI,8/1/21,Mapping,Ayirolef Na Geblayitu,Ayrolef,0,August   ,2021,11.80704117,41.12390518,09 - 15,Kato-Katz,4,1,25,0,0,4,0,0,0,0,4,0,0,0,0,4,0,0
iuGjpnxnFbI,1/1/70,Mapping,Alifanade,Alifanade ,0,January  ,1970,7.454248905,42.72195053,09 - 15,Kato-Katz,32,0,0,0,0,32,0,0,0,0,32,0,0,0,0,32,0,0
iuGjpnxnFbI,7/1/21,Mapping,1,Ayun01,0,July     ,2021,7.086084843,42.27728271,09 - 15,Kato-Katz,30,7,23,0,0,30,0,0,0,0,30,2,6,0,0,30,2,6
iuGjpnxnFbI,7/1/21,Mapping,1,Baraka allah,0,July     ,2021,6.52618742,43.49466705,09 - 15,Kato-Katz,29,4,13,0,0,29,3,10,0,0,29,0,0,0,0,29,3,10
iuGjpnxnFbI,7/1/21,Mapping,1,Biyo janale,0,July     ,2021,7.219258308,42.69206619,09 - 15,Kato-Katz,30,3,10,0,0,30,3,10,0,0,30,3,10,0,0,30,6,20
iuGjpnxnFbI,7/1/21,Mapping,1,Mahmud mire primary school ,0,July     ,2021,7.689979076,42.1873703,09 - 15,Kato-Katz,30,2,6,0,0,30,0,0,0,0,30,0,0,0,0,30,0,0
iuGjpnxnFbI,7/1/21,Mapping,1,Mohamed Askar ,0,July     ,2021,7.755537987,44.50369263,09 - 15,Kato-Katz,30,8,26,0,0,30,0,0,0,0,30,3,10,0,0,30,3,10
iuGjpnxnFbI,7/1/21,Mapping,1,Mohamud fidhen,0,July     ,2021,7.409556389,43.92347336,09 - 15,Kato-Katz,17,2,11,0,0,17,3,17,0,0,17,0,0,0,0,17,3,17
iuGjpnxnFbI,7/1/21,Mapping,1,Shaygosh,0,July     ,2021,7.409958363,43.92378998,09 - 15,Kato-Katz,19,1,5,0,0,19,1,5,0,0,19,0,0,0,0,19,1,5
iuGjpnxnFbI,7/1/21,Mapping,1,Shaygosh ,0,July     ,2021,7.409958363,43.92379379,09 - 15,Kato-Katz,19,1,5,0,0,19,1,5,0,0,19,0,0,0,0,19,1,5
iuGjpnxnFbI,7/1/21,Mapping,2,Ayun,0,July     ,2021,7.087678432,42.27627182,09 - 15,Kato-Katz,31,1,3,0,0,31,0,0,0,0,31,0,0,0,0,31,0,0
iuGjpnxnFbI,7/1/21,Mapping,2,Fgh,0,July     ,2021,7.222704411,42.69840622,09 - 15,Kato-Katz,29,0,0,0,0,29,0,0,0,0,29,0,0,0,0,29,0,0
iuGjpnxnFbI,7/1/21,Mapping,2,Qubi primary and junior school ,0,July     ,2021,7.822178364,41.87037277,09 - 15,Kato-Katz,30,3,10,0,0,30,1,3,0,0,30,2,6,0,0,30,3,10
iuGjpnxnFbI,7/1/21,Mapping,2,Saleye,0,July     ,2021,7.307723522,43.29733276,09 - 15,Kato-Katz,30,3,10,0,0,30,1,3,0,0,30,3,10,0,0,30,3,10
iuGjpnxnFbI,7/1/21,Mapping,2,Sharif Gahmey primary school ,0,July     ,2021,8.142008781,42.29359055,09 - 15,Kato-Katz,33,2,6,0,0,33,0,0,0,0,33,0,0,0,0,33,0,0
iuGjpnxnFbI,7/1/21,Mapping,3,3,0,July     ,2021,7.768004894,44.49598312,09 - 15,Kato-Katz,60,4,6,0,0,60,3,5,0,0,60,5,8,0,0,60,8,13
iuGjpnxnFbI,7/1/21,Mapping,3,Bilal,0,July     ,2021,7.09008503,42.2853775,09 - 15,Kato-Katz,31,4,12,0,0,31,3,9,0,0,31,0,0,0,0,31,3,9
iuGjpnxnFbI,7/1/21,Mapping,3,Dulcad,0,July     ,2021,8.201741219,43.56030655,09 - 15,Kato-Katz,30,0,0,0,0,30,0,0,0,0,30,0,0,0,0,30,0,0
iuGjpnxnFbI,7/1/21,Mapping,3,Ugas-mashkoke,0,July     ,2021,5.944755554,43.55104828,09 - 15,Kato-Katz,28,2,7,0,0,28,2,7,0,0,28,0,0,0,0,28,2,7
iuGjpnxnFbI,7/1/21,Mapping,3,Umer Ibn Khatab primary school ,0,July     ,2021,7.684265614,42.185009,09 - 15,Kato-Katz,30,1,3,0,0,30,1,3,0,0,30,0,0,0,0,30,1,3
iuGjpnxnFbI,7/1/21,Mapping,03 kebele,Gamadid,0,July     ,2021,6.511328697,43.48846436,09 - 15,Kato-Katz,30,5,16,0,0,30,3,10,0,0,30,0,0,0,0,30,3,10
iuGjpnxnFbI,7/1/21,Mapping,4,Cali xaydar,0,July     ,2021,8.23067379,43.56569672,09 - 15,Kato-Katz,25,0,0,0,0,25,0,0,0,0,25,0,0,0,0,25,0,0
iuGjpnxnFbI,7/1/21,Mapping,4,Hamero primary and junior school ,0,July     ,2021,7.695392609,42.18556595,09 - 15,Kato-Katz,31,1,3,0,0,31,1,3,0,0,31,0,0,0,0,31,1,3
iuGjpnxnFbI,7/1/21,Mapping,4,Sayd ali,0,July     ,2021,5.950068951,43.53798294,09 - 15,Kato-Katz,32,3,9,0,0,32,3,9,0,0,32,0,0,0,0,32,3,9
iuGjpnxnFbI,7/1/21,Mapping,4,Sayid Ali primary and junior school ,0,July     ,2021,8.141639709,42.29504395,09 - 15,Kato-Katz,26,1,3,0,0,26,0,0,0,0,26,0,0,0,0,26,0,0
iuGjpnxnFbI,7/1/21,Mapping,04 Danan,Awley,0,July     ,2021,6.511229992,43.51283264,09 - 15,Kato-Katz,30,2,6,0,0,30,2,6,0,0,30,0,0,0,0,30,2,6
iuGjpnxnFbI,7/1/21,Mapping,9,Tuli,0,July     ,2021,6.747913361,44.28375244,09 - 15,Kato-Katz,10,0,0,0,0,10,0,0,0,0,10,0,0,0,0,10,0,0
iuGjpnxnFbI,7/1/21,Mapping,9,Tuli,0,July     ,2021,6.747921467,44.28376389,09 - 15,Kato-Katz,6,0,0,0,0,6,0,0,0,0,6,0,0,0,0,6,0,0
iuGjpnxnFbI,7/1/21,Mapping,1,Yocale,0,July     ,2021,8.417861938,43.85385513,09 - 15,Kato-Katz,28,4,14,0,0,28,0,0,0,0,28,1,3,0,0,28,1,3
iuGjpnxnFbI,7/1/21,Mapping,11,Dudahade,0,July     ,2021,9.371805191,42.76723099,09 - 15,Kato-Katz,61,0,0,0,0,61,0,0,0,0,61,0,0,0,0,61,0,0
iuGjpnxnFbI,7/1/21,Mapping,12,Sh/nur isse,0,July     ,2021,9.356827736,42.77752304,09 - 15,Kato-Katz,52,0,0,0,0,52,1,1,0,0,52,0,0,0,0,52,1,1
iuGjpnxnFbI,7/1/21,Mapping,15,Garabase,0,July     ,2021,9.345157623,42.82505035,09 - 15,Kato-Katz,30,0,0,0,0,30,0,0,0,0,30,0,0,0,0,30,0,0
iuGjpnxnFbI,7/1/21,Mapping,1932,Hangey elementary school ,0,July     ,2021,7.77344656,42.59866333,09 - 15,Kato-Katz,30,0,0,0,0,30,0,0,0,0,30,0,0,0,0,30,0,0
iuGjpnxnFbI,7/1/21,Mapping,Aaday,Aaday,0,July     ,2021,5.22733736,39.82559204,09 - 15,Kato-Katz,30,2,6,0,0,30,29,96,0,0,30,0,0,0,0,30,29,96
iuGjpnxnFbI,7/1/21,Mapping,Abdulay 2,Abdulay 2,0,July     ,2021,9.894804955,41.3381424,09 - 15,Kato-Katz,30,5,16,0,0,30,3,10,0,0,30,4,13,0,0,30,4,13
iuGjpnxnFbI,7/1/21,Mapping,Adada,Adada,0,July     ,2021,9.521315575,41.98462296,09 - 15,Kato-Katz,58,0,0,0,0,58,0,0,0,0,58,0,0,0,0,58,0,0
iuGjpnxnFbI,7/1/21,Mapping,Adalilina Dawe,Adalil primary school ,0,July     ,2021,10.92236042,40.20815659,09 - 15,Kato-Katz,35,7,20,0,0,35,0,0,0,0,35,1,2,0,0,35,1,2
iuGjpnxnFbI,7/1/21,Mapping,Adela,Iyitirue,0,July     ,2021,13.23630524,40.83302307,09 - 15,Kato-Katz,29,0,0,0,0,29,0,0,0,0,29,0,0,0,0,29,0,0
iuGjpnxnFbI,7/1/21,Mapping,Adhakal,Adhekaly,0,July     ,2021,9.65136528,41.83485031,09 - 15,Kato-Katz,47,0,0,0,0,47,2,4,0,0,47,0,0,0,0,47,2,4
iuGjpnxnFbI,7/1/21,Mapping,Adoray,Adoray,0,July     ,2021,9.853947639,41.36910248,09 - 15,Kato-Katz,31,7,22,0,0,31,8,25,0,0,31,7,22,0,0,31,9,29
iuGjpnxnFbI,7/1/21,Mapping,Afdem,Afdem,0,July     ,2021,9.461519241,40.99526596,09 - 15,Kato-Katz,41,10,24,0,0,41,3,7,0,0,41,0,0,0,0,41,3,7
iuGjpnxnFbI,7/1/21,Mapping,Afdem,Afdem,0,July     ,2021,9.461506844,40.99545288,09 - 15,Kato-Katz,22,6,27,0,0,22,4,18,0,0,22,3,13,0,0,22,6,27
iuGjpnxnFbI,7/1/21,Mapping,Agensera,130,0,July     ,2021,12.44793701,42.14126205,09 - 15,Kato-Katz,67,10,14,0,0,67,12,17,0,0,67,5,7,0,0,67,17,25
iuGjpnxnFbI,7/1/21,Mapping,Ahmed ali,Delay ,0,July     ,2021,9.646788597,41.77801132,09 - 15,Kato-Katz,29,2,6,0,0,29,2,6,0,0,29,1,3,0,0,29,2,6
iuGjpnxnFbI,7/1/21,Mapping,Akule,akule ,0,July     ,2021,12.4287281,42.18971634,09 - 15,Kato-Katz,35,6,17,0,5,35,2,5,0,0,35,2,5,0,0,35,4,11
iuGjpnxnFbI,7/1/21,Mapping,Alashume ,Alashume ,0,July     ,2021,6.744774818,40.25259399,09 - 15,Kato-Katz,6,0,0,0,0,6,2,33,0,0,6,0,0,0,0,6,2,33
iuGjpnxnFbI,7/1/21,Mapping,Ali barwayn,Ali barwayn,0,July     ,2021,7.618071556,45.97340775,09 - 15,Kato-Katz,12,0,0,0,0,12,0,0,0,0,12,0,0,0,0,12,0,0
iuGjpnxnFbI,7/1/21,Mapping,Ali barwayn,Ali barwayn,0,July     ,2021,7.618348598,45.97363663,09 - 15,Kato-Katz,10,0,0,0,0,10,0,0,0,0,10,0,0,0,0,10,0,0
iuGjpnxnFbI,7/1/21,Mapping,alidora,alidora,0,July     ,2021,9.854027748,41.36916351,09 - 15,Kato-Katz,31,7,22,0,0,31,8,25,0,0,31,7,22,0,0,31,9,29
iuGjpnxnFbI,7/1/21,Mapping,Alijiir,Alijiir,0,July     ,2021,9.513098717,41.06864929,09 - 15,Kato-Katz,45,6,13,0,0,45,5,11,0,0,45,3,6,0,0,45,8,17
iuGjpnxnFbI,7/1/21,Mapping,Alijiir,Alijiir,0,July     ,2021,9.519717216,41.08889389,09 - 15,Kato-Katz,17,2,11,0,0,17,2,11,0,0,17,0,0,0,0,17,2,11
iuGjpnxnFbI,7/1/21,Mapping,Alijiir,Alijiir,0,July     ,2021,9.523099899,41.09355545,09 - 15,Kato-Katz,34,6,17,0,0,34,2,5,0,0,34,0,0,0,0,34,2,5
iuGjpnxnFbI,7/1/21,Mapping,Aloosane,Aloosane Elementary school ,0,July     ,2021,8.222221375,42.46226501,09 - 15,Kato-Katz,30,2,6,0,0,30,1,3,0,0,30,0,0,0,0,30,1,3
iuGjpnxnFbI,7/1/21,Mapping,Amadle,Amadle,0,July     ,2021,9.263715744,42.99576187,09 - 15,Kato-Katz,40,0,0,0,0,40,0,0,0,0,40,0,0,0,0,40,0,0
iuGjpnxnFbI,7/1/21,Mapping,Ananu,Adam kiyo,0,July     ,2021,7.820375443,44.44095993,09 - 15,Kato-Katz,63,0,0,0,0,63,0,0,0,0,63,0,0,0,0,63,0,0
iuGjpnxnFbI,7/1/21,Mapping,Andido,Andido,0,July     ,2021,8.99654007,40.16919327,09 - 15,Kato-Katz,32,1,3,0,0,32,0,0,0,0,32,0,0,0,0,32,0,0
iuGjpnxnFbI,7/1/21,Mapping,Andido,Andido,0,July     ,2021,9.401534081,40.32851028,09 - 15,Kato-Katz,32,1,3,0,0,32,0,0,0,0,32,0,0,0,0,32,0,0
iuGjpnxnFbI,7/1/21,Mapping,Andido,Andido,0,July     ,2021,9.401693344,40.32867813,09 - 15,Kato-Katz,92,3,3,0,0,92,0,0,0,0,92,0,0,0,0,92,0,0
iuGjpnxnFbI,7/1/21,Mapping,Aratush,Aratush elementary school ,0,July     ,2021,7.510819435,42.27694702,09 - 15,Kato-Katz,30,1,3,0,0,30,0,0,0,0,30,2,6,0,0,30,2,6
iuGjpnxnFbI,7/1/21,Mapping,Archei,Archei,0,July     ,2021,4.465538025,41.48417664,09 - 15,Kato-Katz,30,6,20,0,0,30,26,86,0,0,30,0,0,0,0,30,26,86
iuGjpnxnFbI,7/1/21,Mapping,Argale,Waylale,0,July     ,2021,13.20403576,40.8614502,09 - 15,Kato-Katz,1,0,0,0,0,1,0,0,0,0,1,0,0,0,0,1,0,0
iuGjpnxnFbI,7/1/21,Mapping,Argedeb,Hargedeb ,0,July     ,2021,6.280118942,41.16485977,09 - 15,Kato-Katz,64,15,23,0,1,64,16,25,0,0,64,12,18,0,0,64,21,32
iuGjpnxnFbI,7/1/21,Mapping,Armoukal 2,Armukale,0,July     ,2021,9.81925869,42.14180756,09 - 15,Kato-Katz,30,6,20,0,0,30,6,20,0,0,30,1,3,0,0,30,6,20
iuGjpnxnFbI,7/1/21,Mapping,armukale,armukale,0,July     ,2021,9.819310188,42.14174271,09 - 15,Kato-Katz,30,6,20,0,0,30,6,20,0,0,30,1,3,0,0,30,6,20
iuGjpnxnFbI,7/1/21,Mapping,Arsuja,Arsuja,0,July     ,2021,8.357172012,42.04959488,09 - 15,Kato-Katz,30,1,3,0,0,30,0,0,0,0,30,1,3,0,0,30,1,3
iuGjpnxnFbI,7/1/21,Mapping,Asbuley,Asbuly,0,July     ,2021,9.975998878,41.16355515,09 - 15,Kato-Katz,32,11,34,0,0,32,10,31,0,0,32,10,31,0,0,32,11,34
iuGjpnxnFbI,7/1/21,Mapping,Asbuli,asbuli,0,July     ,2021,9.975931168,41.16373062,09 - 15,Kato-Katz,32,11,34,0,0,32,10,31,0,0,32,10,31,0,0,32,11,34
iuGjpnxnFbI,7/1/21,Mapping,asbuli 2,asbuli 2,0,July     ,2021,9.894796371,41.3381958,09 - 15,Kato-Katz,30,5,16,0,0,30,3,10,0,0,30,4,13,0,0,30,4,13
iuGjpnxnFbI,7/1/21,Mapping,Awash Arba,Yenegewu tesfa,0,July     ,2021,9.124964714,40.17045593,09 - 15,Kato-Katz,92,3,3,0,0,92,0,0,0,0,92,0,0,0,0,92,0,0
iuGjpnxnFbI,7/1/21,Mapping,Awash Biherawi Park,Dudub,0,July     ,2021,9.000260353,40.17102432,09 - 15,Kato-Katz,31,2,6,0,0,31,1,3,0,0,31,0,0,0,0,31,1,3
iuGjpnxnFbI,7/1/21,Mapping,Awash Sebat Kilo Town,Awash sebat kilo ,0,July     ,2021,8.996525764,40.16928101,09 - 15,Kato-Katz,61,3,4,0,0,61,0,0,0,0,61,0,0,0,0,61,0,0
iuGjpnxnFbI,7/1/21,Mapping,Awash Sheleko,Badahamo,0,July     ,2021,9.397693634,40.17377472,09 - 15,Kato-Katz,19,1,5,0,0,19,0,0,0,0,19,0,0,0,0,19,0,0
iuGjpnxnFbI,7/1/21,Mapping,Ayinle ,ayinle primary school ,0,July     ,2021,4.769477367,41.0855751,09 - 15,Kato-Katz,4,0,0,0,0,4,0,0,0,0,4,0,0,0,0,4,0,0
iuGjpnxnFbI,7/1/21,Mapping,Ayirolef Na Geblayitu,101,0,July     ,2021,11.80040359,41.14038467,09 - 15,Kato-Katz,23,2,8,0,4,23,0,0,0,0,23,0,0,0,0,23,0,0
iuGjpnxnFbI,7/1/21,Mapping,Ayirolef Na Geblayitu,Ayrolaf,0,July     ,2021,11.7992363,41.14346313,09 - 15,Kato-Katz,25,2,8,0,4,25,1,4,0,0,25,1,4,0,0,25,2,8
iuGjpnxnFbI,7/1/21,Mapping,Ayshayca ,Ayshayca ,0,July     ,2021,10.75706863,42.57052231,09 - 15,Kato-Katz,18,4,22,0,0,18,4,22,0,0,18,0,0,0,0,18,4,22
iuGjpnxnFbI,7/1/21,Mapping,Baar dheere,Bar-dheere,0,July     ,2021,5.201533794,44.75570297,09 - 15,Kato-Katz,18,1,5,0,0,18,0,0,0,0,18,1,5,0,0,18,1,5
iuGjpnxnFbI,7/1/21,Mapping,Baka ,Baka ,0,July     ,2021,7.761899948,43.7216568,09 - 15,Kato-Katz,31,2,6,0,0,31,0,0,0,0,31,0,0,0,0,31,0,0
iuGjpnxnFbI,7/1/21,Mapping,Baladka,Awroble,0,July     ,2021,9.332015991,42.64584732,09 - 15,Kato-Katz,14,0,0,0,0,14,1,7,0,0,14,0,0,0,0,14,1,7
iuGjpnxnFbI,7/1/21,Mapping,Balay,Balay,0,July     ,2021,9.890748024,42.21220398,09 - 15,Kato-Katz,30,1,3,0,0,30,1,3,0,0,30,0,0,0,0,30,1,3
iuGjpnxnFbI,7/1/21,Mapping,Baley,baley,0,July     ,2021,9.890711784,42.21221542,09 - 15,Kato-Katz,30,1,3,0,0,30,1,3,0,0,30,0,0,0,0,30,1,3
iuGjpnxnFbI,7/1/21,Mapping,Bandher ,Bandher ,0,July     ,2021,4.9958992,41.42815399,09 - 15,Kato-Katz,49,14,28,0,0,49,6,12,0,0,49,4,8,0,0,49,10,20
iuGjpnxnFbI,7/1/21,Mapping,Bango Rayo ,Bangorayo,0,July     ,2021,6.582405567,43.07981873,09 - 15,Kato-Katz,57,6,10,0,0,57,14,24,0,0,57,0,0,0,0,57,14,24
iuGjpnxnFbI,7/1/21,Mapping,Barey woder,Aliyo school ,0,July     ,2021,4.643172264,42.61871338,09 - 15,Kato-Katz,28,5,17,0,0,28,2,7,0,0,28,2,7,0,0,28,4,14
iuGjpnxnFbI,7/1/21,Mapping,Barey wored,Baarqaylo,0,July     ,2021,4.641842365,42.60611725,09 - 15,Kato-Katz,30,5,16,0,0,30,1,3,0,0,30,1,3,0,0,30,2,6
iuGjpnxnFbI,7/1/21,Mapping,Barey wored,Caduun school ( 01) ,0,July     ,2021,4.636242867,42.61450577,09 - 15,Kato-Katz,27,8,29,0,0,27,0,0,0,0,27,1,3,0,0,27,1,3
iuGjpnxnFbI,7/1/21,Mapping,Bargun 1,Bargun ,0,July     ,2021,6.369411469,43.67335129,09 - 15,Kato-Katz,31,3,9,0,0,31,0,0,0,0,31,0,0,0,0,31,0,0
iuGjpnxnFbI,7/1/21,Mapping,Bargun 2,Fakow,0,July     ,2021,6.301653385,43.68897247,09 - 15,Kato-Katz,30,3,10,0,0,30,1,3,0,0,30,0,0,0,0,30,1,3
iuGjpnxnFbI,7/1/21,Mapping,Bargun 3,Jimbahaley,0,July     ,2021,6.248911381,43.73404312,09 - 15,Kato-Katz,30,1,3,0,0,30,1,3,0,0,30,0,0,0,0,30,1,3
iuGjpnxnFbI,7/1/21,Mapping,Barlajisle,Barlajisle,0,July     ,2021,6.782211304,44.56865311,09 - 15,Kato-Katz,9,0,0,0,0,9,0,0,0,0,9,0,0,0,0,9,0,0
iuGjpnxnFbI,7/1/21,Mapping,Bashiro,Bashiro primary school ,0,July     ,2021,7.99790144,42.46298599,09 - 15,Kato-Katz,31,0,0,0,0,31,0,0,0,0,31,0,0,0,0,31,0,0
iuGjpnxnFbI,7/1/21,Mapping,Bashiro 02,Bashiro primary school 999,0,July     ,2021,8.001011848,42.45910645,09 - 15,Kato-Katz,29,0,0,0,0,29,0,0,0,0,29,0,0,0,0,29,0,0
iuGjpnxnFbI,7/1/21,Mapping,Bedul Ale,Bedul ale,0,July     ,2021,9.289525032,40.18496704,09 - 15,Kato-Katz,63,3,4,0,0,63,0,0,0,0,63,0,0,0,0,63,0,0
iuGjpnxnFbI,7/1/21,Mapping,Beer Rahan,Beer Rahan,0,July     ,2021,4.523504257,41.73028564,09 - 15,Kato-Katz,30,5,16,0,0,30,25,83,0,0,30,0,0,0,0,30,25,83
iuGjpnxnFbI,7/1/21,Mapping,Beer Rahan,Beer Rahan2,0,July     ,2021,4.519396305,41.71670532,09 - 15,Kato-Katz,29,6,20,0,0,29,24,82,0,0,29,0,0,0,0,29,24,82
iuGjpnxnFbI,7/1/21,Mapping,Beer Rahan,Beer Rahan3,0,July     ,2021,4.534634113,41.73031616,09 - 15,Kato-Katz,30,5,16,0,0,30,23,76,0,0,30,0,0,0,0,30,23,76
iuGjpnxnFbI,7/1/21,Mapping,Beer Rahan,Beer Rahan3,0,July     ,2021,4.531286716,41.71344376,09 - 15,Kato-Katz,33,8,24,0,0,33,31,93,0,0,33,1,3,0,0,33,31,93
iuGjpnxnFbI,7/1/21,Mapping,Bekeride'Arna Abalidera,Bekirdeqar,0,July     ,2021,11.72564125,40.97847366,09 - 15,Kato-Katz,33,11,33,0,0,33,10,30,0,0,33,10,30,0,0,33,15,45
iuGjpnxnFbI,7/1/21,Mapping,Bekolmag,Bekolmag,0,July     ,2021,4.535343647,41.51183319,09 - 15,Kato-Katz,33,7,21,0,0,33,31,93,0,0,33,0,0,0,0,33,31,93
iuGjpnxnFbI,7/1/21,Mapping,Belewa,Belewa primary,0,July     ,2021,9.587063789,42.0941124,09 - 15,Kato-Katz,57,15,26,0,0,57,2,3,0,0,57,2,3,0,0,57,4,7
iuGjpnxnFbI,7/1/21,Mapping,Benado,Benado1,0,July     ,2021,6.856790543,44.25304794,09 - 15,Kato-Katz,29,0,0,0,0,29,0,0,0,0,29,0,0,0,0,29,0,0
iuGjpnxnFbI,7/1/21,Mapping,Benado 2,Benado2,0,July     ,2021,6.951706886,44.21201324,09 - 15,Kato-Katz,26,0,0,0,0,26,0,0,0,0,26,0,0,0,0,26,0,0
iuGjpnxnFbI,7/1/21,Mapping,Berga,Berga,0,July     ,2021,11.52596378,41.46489334,09 - 15,Kato-Katz,36,4,11,0,0,36,5,13,0,0,36,2,5,0,0,36,7,19
iuGjpnxnFbI,7/1/21,Mapping,Berih,Barih,0,July     ,2021,11.7235651,40.97471619,09 - 15,Kato-Katz,146,21,14,0,0,146,8,5,0,0,146,1,0,0,0,146,8,5
iuGjpnxnFbI,7/1/21,Mapping,Beyihayile,beyahayle,0,July     ,2021,11.73571777,41.13336945,09 - 15,Kato-Katz,40,5,12,0,7,40,4,10,0,0,40,4,10,0,0,40,7,17
iuGjpnxnFbI,7/1/21,Mapping,Bila2,Bila 2,0,July     ,2021,9.537197113,41.42209625,09 - 15,Kato-Katz,16,1,6,0,0,16,3,18,0,0,16,0,0,0,0,16,3,18
iuGjpnxnFbI,7/1/21,Mapping,Bila 2,Bila 2,0,July     ,2021,9.537160873,41.42206573,09 - 15,Kato-Katz,16,1,6,0,0,16,3,18,0,0,16,0,0,0,0,16,3,18
iuGjpnxnFbI,7/1/21,Mapping, Bila 3,bila 3,0,July     ,2021,9.532989502,41.41690445,09 - 15,Kato-Katz,15,2,13,0,0,15,3,20,0,0,15,0,0,0,0,15,3,20
iuGjpnxnFbI,7/1/21,Mapping,Bila 3,Bila 3,0,July     ,2021,9.533000946,41.41693497,09 - 15,Kato-Katz,15,2,13,0,0,15,3,20,0,0,15,0,0,0,0,15,3,20
iuGjpnxnFbI,6/1/21,Mapping,1,Aare,0,June     ,2021,8.111030579,45.34370804,09 - 15,Kato-Katz,27,0,0,0,0,27,0,0,0,0,27,0,0,0,0,27,0,0
iuGjpnxnFbI,6/1/21,Mapping,1,Amusane,0,June     ,2021,7.802454472,43.94719696,09 - 15,Kato-Katz,4,3,75,0,0,4,0,0,0,0,4,0,0,0,0,4,0,0
iuGjpnxnFbI,6/1/21,Mapping,1,Cayun,0,June     ,2021,9.36868763,42.82474518,09 - 15,Kato-Katz,59,0,0,0,0,59,3,5,0,0,59,0,0,0,0,59,3,5
iuGjpnxnFbI,6/1/21,Mapping,1,Ceel dibir,0,June     ,2021,7.308295727,43.30073929,09 - 15,Kato-Katz,57,6,10,0,0,57,14,24,0,0,57,0,0,0,0,57,14,24
iuGjpnxnFbI,6/1/21,Mapping,1,Dugsi hose dhexe d dhuxun ,0,June     ,2021,7.222361088,42.69884491,09 - 15,Kato-Katz,93,13,13,0,0,93,30,32,0,0,93,7,7,0,0,93,33,35
iuGjpnxnFbI,6/1/21,Mapping,1,Ilmi Jiir,0,June     ,2021,8.110726357,45.34154892,09 - 15,Kato-Katz,25,0,0,0,0,25,0,0,0,0,25,0,0,0,0,25,0,0
iuGjpnxnFbI,6/1/21,Mapping,1,Lagahida primary and junior school ,0,June     ,2021,7.380720615,41.77775955,09 - 15,Kato-Katz,28,0,0,0,0,28,2,7,0,0,28,0,0,0,0,28,2,7
iuGjpnxnFbI,6/1/21,Mapping,1,Salahad elementary school ,0,June     ,2021,7.046387196,41.62930679,09 - 15,Kato-Katz,31,2,6,0,0,31,3,9,0,0,31,2,6,0,0,31,4,12
iuGjpnxnFbI,6/1/21,Mapping,1,Sh. Ahmed Gole,0,June     ,2021,8.224175453,43.5579834,09 - 15,Kato-Katz,30,0,0,0,0,30,0,0,0,0,30,0,0,0,0,30,0,0
iuGjpnxnFbI,6/1/21,Mapping,1,Wangey primary school ,0,June     ,2021,7.322372437,42.21861649,09 - 15,Kato-Katz,10,0,0,0,0,10,1,10,0,0,10,0,0,0,0,10,1,10
iuGjpnxnFbI,6/1/21,Mapping,10,Sheki,0,June     ,2021,6.735697269,44.27558899,09 - 15,Kato-Katz,13,0,0,0,0,13,0,0,0,0,13,0,0,0,0,13,0,0
iuGjpnxnFbI,6/1/21,Mapping,10,Sheki ,0,June     ,2021,6.7356143,44.27548218,09 - 15,Kato-Katz,11,0,0,0,0,11,1,9,0,0,11,0,0,0,0,11,1,9
iuGjpnxnFbI,6/1/21,Mapping,2,Barhowle primary and junior school,0,June     ,2021,7.050065517,41.6227951,09 - 15,Kato-Katz,30,1,3,0,0,30,3,10,0,0,30,2,6,0,0,30,4,13
iuGjpnxnFbI,6/1/21,Mapping,2,Diiriye Guleed,0,June     ,2021,8.123092651,45.34793472,09 - 15,Kato-Katz,35,3,8,0,0,35,0,0,0,0,35,0,0,0,0,35,0,0
iuGjpnxnFbI,6/1/21,Mapping,2,Labahar primary school ,0,June     ,2021,7.324812412,42.21834183,09 - 15,Kato-Katz,32,1,3,0,0,32,1,3,0,0,32,1,3,0,0,32,2,6
iuGjpnxnFbI,6/1/21,Mapping,2,Umer ugas,0,June     ,2021,7.985669136,43.01686859,09 - 15,Kato-Katz,30,4,13,0,0,30,0,0,0,0,30,1,3,0,0,30,1,3
iuGjpnxnFbI,6/1/21,Mapping,02 primary school,02 primary school,0,June     ,2021,4.7607131,39.23991013,09 - 15,Kato-Katz,43,3,6,0,0,43,5,11,0,0,43,1,2,0,0,43,6,13
iuGjpnxnFbI,6/1/21,Mapping,3,3,0,June     ,2021,6.09076643,44.76514435,09 - 15,Kato-Katz,30,3,10,0,0,30,0,0,0,0,30,0,0,0,0,30,0,0
iuGjpnxnFbI,6/1/21,Mapping,3,3,0,June     ,2021,6.09077549,44.76515961,09 - 15,Kato-Katz,30,3,10,0,0,30,0,0,0,0,30,0,0,0,0,30,0,0
iuGjpnxnFbI,6/1/21,Mapping,3,3,0,June     ,2021,6.090774059,44.76511765,09 - 15,Kato-Katz,30,3,10,0,0,30,0,0,0,0,30,0,0,0,0,30,0,0
iuGjpnxnFbI,6/1/21,Mapping,3,3,0,June     ,2021,6.090784073,44.76509094,09 - 15,Kato-Katz,30,3,10,0,0,30,0,0,0,0,30,0,0,0,0,30,0,0
iuGjpnxnFbI,6/1/21,Mapping,3,3,0,June     ,2021,6.090754986,44.76509857,09 - 15,Kato-Katz,30,3,10,0,0,30,0,0,0,0,30,0,0,0,0,30,0,0
iuGjpnxnFbI,6/1/21,Mapping,3,3,0,June     ,2021,6.090769291,44.76513672,09 - 15,Kato-Katz,30,3,10,0,0,30,0,0,0,0,30,0,0,0,0,30,0,0
iuGjpnxnFbI,6/1/21,Mapping,3,Bashir Abdi,0,June     ,2021,7.811801434,43.95090103,09 - 15,Kato-Katz,1,0,0,0,0,1,0,0,0,0,1,0,0,0,0,1,0,0
iuGjpnxnFbI,6/1/21,Mapping,3,Foljeh,0,June     ,2021,6.733608723,44.27714539,09 - 15,Kato-Katz,12,0,0,0,0,12,0,0,0,0,12,0,0,0,0,12,0,0
iuGjpnxnFbI,6/1/21,Mapping,3,Jiic,0,June     ,2021,6.733537197,44.27729034,09 - 15,Kato-Katz,15,0,0,0,0,15,0,0,0,0,15,0,0,0,0,15,0,0
iuGjpnxnFbI,6/1/21,Mapping,3,Rage ugas,0,June     ,2021,7.98110342,43.01140976,09 - 15,Kato-Katz,30,4,13,0,0,30,0,0,0,0,30,1,3,0,0,30,1,3
iuGjpnxnFbI,6/1/21,Mapping,3,Sayid,0,June     ,2021,6.733519077,44.27730942,09 - 15,Kato-Katz,12,0,0,0,0,12,0,0,0,0,12,0,0,0,0,12,0,0
iuGjpnxnFbI,6/1/21,Mapping,3,Sheikh nureen,0,June     ,2021,6.090754509,44.76508713,09 - 15,Kato-Katz,30,3,10,0,0,30,0,0,0,0,30,0,0,0,0,30,0,0
iuGjpnxnFbI,6/1/21,Mapping,3,Sheikh nureen ,0,June     ,2021,6.090766907,44.7651062,09 - 15,Kato-Katz,30,3,10,0,0,30,0,0,0,0,30,0,0,0,0,30,0,0
iuGjpnxnFbI,6/1/21,Mapping,3,Sheikh nureen ,0,June     ,2021,6.090769768,44.7651062,09 - 15,Kato-Katz,30,3,10,0,0,30,0,0,0,0,30,0,0,0,0,30,0,0
iuGjpnxnFbI,6/1/21,Mapping,3,Sheikh nureen ,0,June     ,2021,6.09077692,44.76512527,09 - 15,Kato-Katz,30,3,10,0,0,30,0,0,0,0,30,0,0,0,0,30,0,0
iuGjpnxnFbI,6/1/21,Mapping,3,Sheikh nureen ,0,June     ,2021,6.090773582,44.76512527,09 - 15,Kato-Katz,30,3,10,0,0,30,0,0,0,0,30,0,0,0,0,30,0,0
iuGjpnxnFbI,6/1/21,Mapping,3,Sheikh nureen ,0,June     ,2021,6.090812206,44.76512146,09 - 15,Kato-Katz,30,3,10,0,0,30,0,0,0,0,30,0,0,0,0,30,0,0
iuGjpnxnFbI,6/1/21,Mapping,3,Sheikh nureen ,0,June     ,2021,6.090782642,44.76511383,09 - 15,Kato-Katz,30,3,10,0,0,30,0,0,0,0,30,0,0,0,0,30,0,0
iuGjpnxnFbI,6/1/21,Mapping,3,Sheikh nureen ,0,June     ,2021,6.090773106,44.76516342,09 - 15,Kato-Katz,30,3,10,0,0,30,0,0,0,0,30,0,0,0,0,30,0,0
iuGjpnxnFbI,6/1/21,Mapping,3,Sheikh nureen ,0,June     ,2021,6.090772152,44.76515198,09 - 15,Kato-Katz,30,3,10,0,0,30,0,0,0,0,30,0,0,0,0,30,0,0
iuGjpnxnFbI,6/1/21,Mapping,3,Sheikh nureen ,0,June     ,2021,6.090777874,44.76513672,09 - 15,Kato-Katz,30,3,10,0,0,30,0,0,0,0,30,0,0,0,0,30,0,0
iuGjpnxnFbI,6/1/21,Mapping,3,Sheikh nureen ,0,June     ,2021,6.09071064,44.76509476,09 - 15,Kato-Katz,30,3,10,0,0,30,0,0,0,0,30,0,0,0,0,30,0,0
iuGjpnxnFbI,6/1/21,Mapping,3,Sheikh nureen ,0,June     ,2021,6.090764999,44.7651062,09 - 15,Kato-Katz,30,3,10,0,0,30,0,0,0,0,30,0,0,0,0,30,0,0
iuGjpnxnFbI,6/1/21,Mapping,3,Sheikh nureen ,0,June     ,2021,6.09073925,44.76509476,09 - 15,Kato-Katz,30,3,10,0,0,30,0,0,0,0,30,0,0,0,0,30,0,0
iuGjpnxnFbI,6/1/21,Mapping,3,Sheikh nureen ,0,June     ,2021,6.090802193,44.76514816,09 - 15,Kato-Katz,30,3,10,0,0,30,0,0,0,0,30,0,0,0,0,30,0,0
iuGjpnxnFbI,6/1/21,Mapping,3,Sheikh nureen ,0,June     ,2021,6.090764523,44.76511383,09 - 15,Kato-Katz,30,3,10,0,0,30,0,0,0,0,30,0,0,0,0,30,0,0
iuGjpnxnFbI,6/1/21,Mapping,3,Sheik nuren,0,June     ,2021,6.090782642,44.7650795,09 - 15,Kato-Katz,30,3,10,0,0,30,0,0,0,0,30,0,0,0,0,30,0,0
iuGjpnxnFbI,6/1/21,Mapping,3,Sheik nuren ,0,June     ,2021,6.090764046,44.76509476,09 - 15,Kato-Katz,30,3,10,0,0,30,0,0,0,0,30,0,0,0,0,30,0,0
iuGjpnxnFbI,6/1/21,Mapping,3,Sheik nuren ,0,June     ,2021,6.090747833,44.7650528,09 - 15,Kato-Katz,30,3,10,0,0,30,0,0,0,0,30,0,0,0,0,30,0,0
iuGjpnxnFbI,6/1/21,Mapping,3,Sheik nuren ,0,June     ,2021,6.090754032,44.76515961,09 - 15,Kato-Katz,30,3,10,0,0,30,0,0,0,0,30,0,0,0,0,30,0,0
iuGjpnxnFbI,6/1/21,Mapping,3,Sheik nuren ,0,June     ,2021,6.09071064,44.76524353,09 - 15,Kato-Katz,30,3,10,0,0,30,0,0,0,0,30,0,0,0,0,30,0,0
iuGjpnxnFbI,6/1/21,Mapping,3,Sheik nuren ,0,June     ,2021,6.090761185,44.76511765,09 - 15,Kato-Katz,30,3,10,0,0,30,0,0,0,0,30,0,0,0,0,30,0,0
iuGjpnxnFbI,6/1/21,Mapping,3,Sheik nuren ,0,June     ,2021,6.090771675,44.7651062,09 - 15,Kato-Katz,30,3,10,0,0,30,0,0,0,0,30,0,0,0,0,30,0,0
iuGjpnxnFbI,6/1/21,Mapping,3,Sheik Nuren ,0,June     ,2021,6.090807915,44.76517868,09 - 15,Kato-Katz,30,3,10,0,0,30,0,0,0,0,30,0,0,0,0,30,0,0
iuGjpnxnFbI,6/1/21,Mapping,4,Qada duma  elementary  school ,0,June     ,2021,3.457244396,39.55448532,09 - 15,Kato-Katz,32,5,15,0,0,32,4,12,0,0,32,0,0,0,0,32,4,12
iuGjpnxnFbI,6/1/21,Mapping,9,Garbo tahan,0,June     ,2021,8.231031418,43.54388428,09 - 15,Kato-Katz,26,0,0,0,0,26,0,0,0,0,26,0,0,0,0,26,0,0
iuGjpnxnFbI,6/1/21,Mapping,Aadan waraab,Aadan waraab,0,June     ,2021,8.68652916,44.1376152,09 - 15,Kato-Katz,28,0,0,0,0,28,2,7,0,0,28,0,0,0,0,28,2,7
iuGjpnxnFbI,6/1/21,Mapping,Aag libaahle ,Aag libahle  985,0,June     ,2021,8.253155708,44.83133316,09 - 15,Kato-Katz,36,2,5,0,0,36,0,0,0,0,36,0,0,0,0,36,0,0
iuGjpnxnFbI,6/1/21,Mapping,Abakarow,Abdi kurbad,0,June     ,2021,6.312522411,42.64987946,09 - 15,Kato-Katz,30,4,13,0,0,30,2,6,0,0,30,0,0,0,0,30,2,6
iuGjpnxnFbI,6/1/21,Mapping,abakora,adey,0,June     ,2021,6.374298573,42.24752808,09 - 15,Kato-Katz,32,1,3,0,0,32,1,3,0,0,32,0,0,0,0,32,1,3
iuGjpnxnFbI,6/1/21,Mapping,Abitu,Abitu,0,June     ,2021,3.638788223,39.08358002,09 - 15,Kato-Katz,31,6,19,0,0,31,3,9,0,0,31,0,0,0,0,31,3,9
iuGjpnxnFbI,6/1/21,Mapping,Achine,Achine,0,June     ,2021,3.835163832,39.28184509,09 - 15,Kato-Katz,30,5,16,0,0,30,4,13,0,0,30,0,0,0,0,30,4,13
iuGjpnxnFbI,6/1/21,Mapping,Adalilina Dawe,999,0,June     ,2021,10.92165279,40.2088356,09 - 15,Kato-Katz,31,0,0,0,0,31,0,0,0,0,31,0,0,0,0,31,0,0
iuGjpnxnFbI,6/1/21,Mapping,Adalilina Dawe,Adalil primary school ,0,June     ,2021,10.84519386,40.20119858,09 - 15,Kato-Katz,32,1,3,0,0,32,0,0,0,0,32,0,0,0,0,32,0,0
iuGjpnxnFbI,6/1/21,Mapping,Adamo,Adamo,0,June     ,2021,6.156839371,42.09042358,09 - 15,Kato-Katz,30,2,6,0,0,30,1,3,0,0,30,1,3,0,0,30,2,6
iuGjpnxnFbI,6/1/21,Mapping,Adamo 2,Eldere school ,0,June     ,2021,5.888203144,42.13538361,09 - 15,Kato-Katz,25,0,0,0,0,25,1,4,0,0,25,0,0,0,0,25,1,4
iuGjpnxnFbI,6/1/21,Mapping,Adan warabe ,Adan warabe ,0,June     ,2021,8.686416626,44.13748169,09 - 15,Kato-Katz,33,0,0,0,0,33,0,0,0,0,33,0,0,0,0,33,0,0
iuGjpnxnFbI,6/1/21,Mapping,Adekelo,Dida,0,June     ,2021,8.534060478,39.25407028,09 - 15,Kato-Katz,146,21,14,0,0,146,8,5,0,0,146,1,0,0,0,146,8,5
iuGjpnxnFbI,6/1/21,Mapping,Adot,Alot,0,June     ,2021,5.998731613,41.98720932,09 - 15,Kato-Katz,29,0,0,0,0,29,1,3,0,0,29,0,0,0,0,29,1,3
iuGjpnxnFbI,6/1/21,Mapping,Adot,Fercheno,0,June     ,2021,6.009269238,42.03692245,09 - 15,Kato-Katz,29,3,10,0,0,29,1,3,0,0,29,0,0,0,0,29,1,3
iuGjpnxnFbI,6/1/21,Mapping,Afar irdod,Afar-irdod,0,June     ,2021,7.132678032,44.98865128,09 - 15,Kato-Katz,19,0,0,0,0,19,0,0,0,0,19,0,0,0,0,19,0,0
iuGjpnxnFbI,6/1/21,Mapping,Afcadde,Afcadde,0,June     ,2021,5.33759737,42.88444138,09 - 15,Kato-Katz,30,1,3,0,0,30,0,0,0,0,30,0,0,0,0,30,0,0
iuGjpnxnFbI,6/1/21,Mapping,Afcadde,Fashuq,0,June     ,2021,5.313201427,42.75437927,09 - 15,Kato-Katz,30,0,0,0,0,30,0,0,0,0,30,0,0,0,0,30,0,0
iuGjpnxnFbI,6/1/21,Mapping,Aferadod,E,0,June     ,2021,7.528149128,46.86376572,09 - 15,Kato-Katz,15,4,26,0,0,15,4,26,0,0,15,1,6,0,0,15,5,33
iuGjpnxnFbI,6/1/21,Mapping,Aftol,Aftol,0,June     ,2021,6.010901928,44.71326828,09 - 15,Kato-Katz,29,4,13,0,0,29,2,6,0,0,29,0,0,0,0,29,2,6
iuGjpnxnFbI,6/1/21,Mapping,Aftol,Aftol,0,June     ,2021,6.010869503,44.71327972,09 - 15,Kato-Katz,29,4,13,0,0,29,2,6,0,0,29,0,0,0,0,29,2,6
iuGjpnxnFbI,6/1/21,Mapping,Aftol,Aftol ,0,June     ,2021,6.010920525,44.7132225,09 - 15,Kato-Katz,29,4,13,0,0,29,2,6,0,0,29,0,0,0,0,29,2,6
iuGjpnxnFbI,6/1/21,Mapping,Aftol,Bilisha,0,June     ,2021,6.072050571,44.72225571,09 - 15,Kato-Katz,30,0,0,0,0,30,0,0,0,0,30,0,0,0,0,30,0,0
iuGjpnxnFbI,6/1/21,Mapping,Aftol,Bilisha primary school ,0,June     ,2021,6.072057724,44.72232437,09 - 15,Kato-Katz,30,0,0,0,0,30,0,0,0,0,30,0,0,0,0,30,0,0
iuGjpnxnFbI,6/1/21,Mapping,Aftol ,Aftol,0,June     ,2021,6.010771751,44.71331787,09 - 15,Kato-Katz,29,4,13,0,0,29,2,6,0,0,29,0,0,0,0,29,2,6
iuGjpnxnFbI,6/1/21,Mapping,Aftol ,"
Aftol ",0,June     ,2021,6.010805607,44.71331024,09 - 15,Kato-Katz,29,4,13,0,0,29,2,6,0,0,29,0,0,0,0,29,2,6
iuGjpnxnFbI,6/1/21,Mapping,Aftol ,Aftol ,0,June     ,2021,6.010861874,44.71327591,09 - 15,Kato-Katz,29,4,13,0,0,29,2,6,0,0,29,0,0,0,0,29,2,6
iuGjpnxnFbI,6/1/21,Mapping,Aftol ,Aftol ,0,June     ,2021,6.01074028,44.71330261,09 - 15,Kato-Katz,29,4,13,0,0,29,2,6,0,0,29,0,0,0,0,29,2,6
iuGjpnxnFbI,6/1/21,Mapping,Aftol ,Aftol ,0,June     ,2021,6.010769367,44.71331406,09 - 15,Kato-Katz,29,4,13,0,0,29,2,6,0,0,29,0,0,0,0,29,2,6
iuGjpnxnFbI,6/1/21,Mapping,Aftol ,Aftol ,0,June     ,2021,6.010797977,44.71324158,09 - 15,Kato-Katz,29,4,13,0,0,29,2,6,0,0,29,0,0,0,0,29,2,6
iuGjpnxnFbI,6/1/21,Mapping,Aftol ,Aftol ,0,June     ,2021,6.010721207,44.7133522,09 - 15,Kato-Katz,29,4,13,0,0,29,2,6,0,0,29,0,0,0,0,29,2,6
iuGjpnxnFbI,6/1/21,Mapping,Aftol ,Aftol ,0,June     ,2021,6.010718346,44.7133522,09 - 15,Kato-Katz,29,4,13,0,0,29,2,6,0,0,29,0,0,0,0,29,2,6
iuGjpnxnFbI,6/1/21,Mapping,Aftol ,Aftol ,0,June     ,2021,6.010771751,44.7133255,09 - 15,Kato-Katz,29,4,13,0,0,29,2,6,0,0,29,0,0,0,0,29,2,6
iuGjpnxnFbI,6/1/21,Mapping,Aftol ,Aftol ,0,June     ,2021,6.01077795,44.7133255,09 - 15,Kato-Katz,29,4,13,0,0,29,2,6,0,0,29,0,0,0,0,29,2,6
iuGjpnxnFbI,6/1/21,Mapping,Aftol ,Aftol primary school ,0,June     ,2021,6.010780334,44.7133255,09 - 15,Kato-Katz,29,4,13,0,0,29,2,6,0,0,29,0,0,0,0,29,2,6
iuGjpnxnFbI,6/1/21,Mapping,Aftol ,Aftol primary school ,0,June     ,2021,6.01084137,44.71330261,09 - 15,Kato-Katz,29,4,13,0,0,29,2,6,0,0,29,0,0,0,0,29,2,6
iuGjpnxnFbI,6/1/21,Mapping,Aftol ,Aftol primary school ,0,June     ,2021,6.010886192,44.71328735,09 - 15,Kato-Katz,29,4,13,0,0,29,2,6,0,0,29,0,0,0,0,29,2,6
iuGjpnxnFbI,6/1/21,Mapping,Aftol ,Aftol primary school ,0,June     ,2021,6.010823727,44.71329498,09 - 15,Kato-Katz,29,4,13,0,0,29,2,6,0,0,29,0,0,0,0,29,2,6
iuGjpnxnFbI,6/1/21,Mapping,Aftol ,Aftol primary school ,0,June     ,2021,6.010833263,44.71326447,09 - 15,Kato-Katz,29,4,13,0,0,29,2,6,0,0,29,0,0,0,0,29,2,6
iuGjpnxnFbI,6/1/21,Mapping,Aftol ,Aftol primary school ,0,June     ,2021,6.010839462,44.71325684,09 - 15,Kato-Katz,29,4,13,0,0,29,2,6,0,0,29,0,0,0,0,29,2,6
iuGjpnxnFbI,6/1/21,Mapping,Aftol ,Aftol primary school ,0,June     ,2021,6.010846138,44.71325684,09 - 15,Kato-Katz,29,4,13,0,0,29,2,6,0,0,29,0,0,0,0,29,2,6
iuGjpnxnFbI,6/1/21,Mapping,Aftol ,Aftol primary school ,0,June     ,2021,6.010818005,44.71326828,09 - 15,Kato-Katz,29,4,13,0,0,29,2,6,0,0,29,0,0,0,0,29,2,6
iuGjpnxnFbI,6/1/21,Mapping,Aftol ,Aftol primary school ,0,June     ,2021,6.010784626,44.71327591,09 - 15,Kato-Katz,29,4,13,0,0,29,2,6,0,0,29,0,0,0,0,29,2,6
iuGjpnxnFbI,6/1/21,Mapping,Aftol ,Aftol primary school ,0,June     ,2021,6.010784626,44.71326828,09 - 15,Kato-Katz,29,4,13,0,0,29,2,6,0,0,29,0,0,0,0,29,2,6
iuGjpnxnFbI,6/1/21,Mapping,Aftol ,Aftol primary school ,0,June     ,2021,6.010802746,44.71326065,09 - 15,Kato-Katz,29,4,13,0,0,29,2,6,0,0,29,0,0,0,0,29,2,6
iuGjpnxnFbI,6/1/21,Mapping,Aftol ,Aftol primary school ,0,June     ,2021,6.010810852,44.71326065,09 - 15,Kato-Katz,29,4,13,0,0,29,2,6,0,0,29,0,0,0,0,29,2,6
iuGjpnxnFbI,6/1/21,Mapping,Aftol ,Aftol primary school ,0,June     ,2021,6.010802746,44.71326447,09 - 15,Kato-Katz,29,4,13,0,0,29,2,6,0,0,29,0,0,0,0,29,2,6
iuGjpnxnFbI,6/1/21,Mapping,Aftol ,Aftol primary school ,0,June     ,2021,6.072044373,44.72225189,09 - 15,Kato-Katz,30,0,0,0,0,30,0,0,0,0,30,0,0,0,0,30,0,0
iuGjpnxnFbI,6/1/21,Mapping,Aftol ,Bilishah,0,June     ,2021,6.072098255,44.722332,09 - 15,Kato-Katz,30,0,0,0,0,30,0,0,0,0,30,0,0,0,0,30,0,0
iuGjpnxnFbI,6/1/21,Mapping,Aftol ,Bilishah,0,June     ,2021,6.072086811,44.72227859,09 - 15,Kato-Katz,30,0,0,0,0,30,0,0,0,0,30,0,0,0,0,30,0,0
iuGjpnxnFbI,6/1/21,Mapping,Aftol ,Bilishah,0,June     ,2021,6.07208395,44.72228241,09 - 15,Kato-Katz,30,0,0,0,0,30,0,0,0,0,30,0,0,0,0,30,0,0
iuGjpnxnFbI,6/1/21,Mapping,Aftol , Bilishah ,0,June     ,2021,6.072076797,44.72228622,09 - 15,Kato-Katz,30,0,0,0,0,30,0,0,0,0,30,0,0,0,0,30,0,0
iuGjpnxnFbI,6/1/21,Mapping,Aftol ,Bilishah ,0,June     ,2021,6.072084904,44.72228622,09 - 15,Kato-Katz,30,0,0,0,0,30,0,0,0,0,30,0,0,0,0,30,0,0
iuGjpnxnFbI,6/1/21,Mapping,Aftol ,Bilishah ,0,June     ,2021,6.072020531,44.72227097,09 - 15,Kato-Katz,30,0,0,0,0,30,0,0,0,0,30,0,0,0,0,30,0,0
iuGjpnxnFbI,6/1/21,Mapping,Aftol ,Bilishah ,0,June     ,2021,6.072044849,44.72227478,09 - 15,Kato-Katz,30,0,0,0,0,30,0,0,0,0,30,0,0,0,0,30,0,0
iuGjpnxnFbI,6/1/21,Mapping,Aftol ,Bilishah ,0,June     ,2021,6.072097778,44.72229385,09 - 15,Kato-Katz,30,0,0,0,0,30,0,0,0,0,30,0,0,0,0,30,0,0
iuGjpnxnFbI,6/1/21,Mapping,Aftol ,Bilishah ,0,June     ,2021,6.072072029,44.72229004,09 - 15,Kato-Katz,30,0,0,0,0,30,0,0,0,0,30,0,0,0,0,30,0,0
iuGjpnxnFbI,6/1/21,Mapping,Aftol ,Bilishah ,0,June     ,2021,6.07207489,44.72227859,09 - 15,Kato-Katz,30,0,0,0,0,30,0,0,0,0,30,0,0,0,0,30,0,0
iuGjpnxnFbI,6/1/21,Mapping,Aftol ,Bilishah ,0,June     ,2021,6.072075844,44.72232819,09 - 15,Kato-Katz,30,0,0,0,0,30,0,0,0,0,30,0,0,0,0,30,0,0
iuGjpnxnFbI,6/1/21,Mapping,Aftol ,Bilishah ,0,June     ,2021,6.072088718,44.72224426,09 - 15,Kato-Katz,30,0,0,0,0,30,0,0,0,0,30,0,0,0,0,30,0,0
iuGjpnxnFbI,6/1/21,Mapping,Aftol ,Bilishah ,0,June     ,2021,6.072057247,44.72227478,09 - 15,Kato-Katz,30,0,0,0,0,30,0,0,0,0,30,0,0,0,0,30,0,0
iuGjpnxnFbI,6/1/21,Mapping,Aftol ,Bilishah ,0,June     ,2021,6.072080612,44.72232437,09 - 15,Kato-Katz,30,0,0,0,0,30,0,0,0,0,30,0,0,0,0,30,0,0
iuGjpnxnFbI,6/1/21,Mapping,Aftol ,Bilishah ,0,June     ,2021,6.072082996,44.72227478,09 - 15,Kato-Katz,30,0,0,0,0,30,0,0,0,0,30,0,0,0,0,30,0,0
iuGjpnxnFbI,6/1/21,Mapping,Aftol ,Bilisha primary school ,0,June     ,2021,6.072058678,44.72232056,09 - 15,Kato-Katz,30,0,0,0,0,30,0,0,0,0,30,0,0,0,0,30,0,0
iuGjpnxnFbI,6/1/21,Mapping,Aftol ,Bilisha primary school ,0,June     ,2021,6.072054863,44.72232056,09 - 15,Kato-Katz,30,0,0,0,0,30,0,0,0,0,30,0,0,0,0,30,0,0
iuGjpnxnFbI,6/1/21,Mapping,Aftol ,Bilisha primary school ,0,June     ,2021,6.072052479,44.72231293,09 - 15,Kato-Katz,30,0,0,0,0,30,0,0,0,0,30,0,0,0,0,30,0,0
iuGjpnxnFbI,6/1/21,Mapping,Aftol ,Bilisha primary school ,0,June     ,2021,6.072055817,44.72230911,09 - 15,Kato-Katz,30,0,0,0,0,30,0,0,0,0,30,0,0,0,0,30,0,0
iuGjpnxnFbI,6/1/21,Mapping,Aftol ,Bilisha primary school ,0,June     ,2021,6.072052479,44.72225952,09 - 15,Kato-Katz,30,0,0,0,0,30,0,0,0,0,30,0,0,0,0,30,0,0
iuGjpnxnFbI,6/1/21,Mapping,Aftol ,Bilisha primary school ,0,June     ,2021,6.072048187,44.72226715,09 - 15,Kato-Katz,30,0,0,0,0,30,0,0,0,0,30,0,0,0,0,30,0,0
iuGjpnxnFbI,6/1/21,Mapping,Aftol ,Bilisha primary school ,0,June     ,2021,6.072052956,44.72226334,09 - 15,Kato-Katz,30,0,0,0,0,30,0,0,0,0,30,0,0,0,0,30,0,0
iuGjpnxnFbI,6/1/21,Mapping,Aftol ,Bilisha primary school ,0,June     ,2021,6.072052479,44.72225571,09 - 15,Kato-Katz,30,0,0,0,0,30,0,0,0,0,30,0,0,0,0,30,0,0
iuGjpnxnFbI,6/1/21,Mapping,Aftol ,Bilisha primary school ,0,June     ,2021,6.072050095,44.72225189,09 - 15,Kato-Katz,30,0,0,0,0,30,0,0,0,0,30,0,0,0,0,30,0,0
iuGjpnxnFbI,6/1/21,Mapping,Aftol ,Bilisha primary school ,0,June     ,2021,6.07204771,44.72225189,09 - 15,Kato-Katz,30,0,0,0,0,30,0,0,0,0,30,0,0,0,0,30,0,0
iuGjpnxnFbI,6/1/21,Mapping,Aftol ,Bilisha primary school ,0,June     ,2021,6.072043896,44.72225571,09 - 15,Kato-Katz,30,0,0,0,0,30,0,0,0,0,30,0,0,0,0,30,0,0
iuGjpnxnFbI,6/1/21,Mapping,Afwayne,Afwayne primary school ,0,June     ,2021,7.312598705,41.89420319,09 - 15,Kato-Katz,29,3,10,0,0,29,3,10,0,0,29,0,0,0,0,29,3,10
iuGjpnxnFbI,6/1/21,Mapping,Afyarado,afyarado,0,June     ,2021,6.961229801,45.31825638,09 - 15,Kato-Katz,7,0,0,0,0,7,0,0,0,0,7,0,0,0,0,7,0,0
iuGjpnxnFbI,6/1/21,Mapping,Afyarado,Afyarado,0,June     ,2021,6.960124016,45.31428909,09 - 15,Kato-Katz,5,0,0,0,0,5,0,0,0,0,5,0,0,0,0,5,0,0
iuGjpnxnFbI,6/1/21,Mapping,Aklaba,Akabla school,0,June     ,2021,4.936410904,43.24211884,09 - 15,Kato-Katz,20,2,10,0,0,20,1,5,0,0,20,0,0,0,0,20,1,5
iuGjpnxnFbI,6/1/21,Mapping,Alabayaray,Alabayare,0,June     ,2021,6.614972591,43.13712692,09 - 15,Kato-Katz,56,15,26,0,0,56,15,26,0,0,56,6,10,0,0,56,17,30
iuGjpnxnFbI,6/1/21,Mapping,Alan (dolobay) ,Alan school (dolobay) ,0,June     ,2021,4.5390625,42.3143959,09 - 15,Kato-Katz,30,5,16,0,0,30,0,0,0,0,30,4,13,0,0,30,4,13
iuGjpnxnFbI,6/1/21,Mapping,Alcho,Alcho,0,June     ,2021,9.560531616,41.57458496,09 - 15,Kato-Katz,32,0,0,0,0,32,0,0,0,0,32,0,0,0,0,32,0,0
iuGjpnxnFbI,6/1/21,Mapping,Ali-Jamac,Ali-Jamac,0,June     ,2021,7.808863163,45.24340057,09 - 15,Kato-Katz,31,4,12,0,0,31,0,0,0,0,31,0,0,0,0,31,0,0
iuGjpnxnFbI,6/1/21,Mapping,Allan,Alan school,0,June     ,2021,5.467025757,41.57982254,09 - 15,Kato-Katz,30,9,30,0,0,30,0,0,0,0,30,6,20,0,0,30,6,20
iuGjpnxnFbI,6/1/21,Mapping,Allo duula,Allo duula elemantary school,0,June     ,2021,3.616878986,39.1114769,09 - 15,Kato-Katz,33,6,18,0,0,33,3,9,0,0,33,0,0,0,0,33,3,9
iuGjpnxnFbI,6/1/21,Mapping,Ararso (01),Ararso (01),0,June     ,2021,8.751193047,43.36917877,09 - 15,Kato-Katz,28,2,7,0,0,28,0,0,0,0,28,2,7,0,0,28,2,7
iuGjpnxnFbI,6/1/21,Mapping,Ararso (01),Ararso (01),0,June     ,2021,8.751192093,43.36915588,09 - 15,Kato-Katz,28,2,7,0,0,28,0,0,0,0,28,2,7,0,0,28,2,7
iuGjpnxnFbI,6/1/21,Mapping,Ararso(01),Ararso,0,June     ,2021,8.748047829,43.36608887,09 - 15,Kato-Katz,32,3,9,0,0,32,4,12,0,0,32,4,12,0,0,32,4,12
iuGjpnxnFbI,6/1/21,Mapping,Arasum ,Arasum school ,0,June     ,2021,5.035817623,40.54565048,09 - 15,Kato-Katz,23,2,8,0,4,23,0,0,0,0,23,0,0,0,0,23,0,0
iuGjpnxnFbI,6/1/21,Mapping,Arda olla ,Arda olla primary school,0,June     ,2021,3.599156141,39.13749695,09 - 15,Kato-Katz,30,6,20,0,0,30,3,10,0,0,30,0,0,0,0,30,3,10
iuGjpnxnFbI,6/1/21,Mapping,Aware 02,Suldaan  iixi,0,June     ,2021,8.256779671,44.14805984,09 - 15,Kato-Katz,29,2,6,0,0,29,0,0,0,0,29,0,0,0,0,29,0,0
iuGjpnxnFbI,6/1/21,Mapping,Aware 04,Ibrahim Abdi Kabile,0,June     ,2021,8.264886856,44.15989304,09 - 15,Kato-Katz,31,2,6,0,0,31,0,0,0,0,31,0,0,0,0,31,0,0
iuGjpnxnFbI,6/1/21,Mapping,Ayshaca,Shekmuse,0,June     ,2021,10.75692749,42.57053757,09 - 15,Kato-Katz,1,0,0,0,0,1,0,0,0,0,1,0,0,0,0,1,0,0
iuGjpnxnFbI,6/1/21,Mapping,Ayshaca,Shek-muse,0,June     ,2021,10.75693035,42.57058334,09 - 15,Kato-Katz,17,3,17,0,0,17,2,11,0,0,17,0,0,0,0,17,2,11
iuGjpnxnFbI,6/1/21,Mapping,Ayshaca ,Shekmuse,0,June     ,2021,10.75693703,42.57050323,09 - 15,Kato-Katz,14,1,7,0,0,14,3,21,0,0,14,0,0,0,0,14,3,21
iuGjpnxnFbI,6/1/21,Mapping,Baaad,Baaad,0,June     ,2021,6.786824703,43.4750061,09 - 15,Kato-Katz,30,0,0,0,0,30,0,0,0,0,30,0,0,0,0,30,0,0
iuGjpnxnFbI,6/1/21,Mapping,Baaad,Baaad 02,0,June     ,2021,6.708844662,43.4798317,09 - 15,Kato-Katz,31,0,0,0,0,31,0,0,0,0,31,0,0,0,0,31,0,0
iuGjpnxnFbI,6/1/21,Mapping,Baanba taka,Bamba taka,0,June     ,2021,4.121547699,40.003582,09 - 15,Kato-Katz,32,5,15,0,0,32,4,12,0,0,32,0,0,0,0,32,4,12
iuGjpnxnFbI,6/1/21,Mapping,Baar Geel,Baar geel,0,June     ,2021,5.243809223,42.58716202,09 - 15,Kato-Katz,32,0,0,0,0,32,0,0,0,0,32,0,0,0,0,32,0,0
iuGjpnxnFbI,6/1/21,Mapping,Badil (Biyolow),Biyolow ,0,June     ,2021,5.907797337,43.39045715,09 - 15,Kato-Katz,30,0,0,0,0,30,0,0,0,0,30,0,0,0,0,30,0,0
iuGjpnxnFbI,6/1/21,Mapping,Badlka,Dudumas,0,June     ,2021,9.309663773,42.64558411,09 - 15,Kato-Katz,26,0,0,0,0,26,0,0,0,0,26,0,0,0,0,26,0,0
iuGjpnxnFbI,6/1/21,Mapping,Balahaad ,Balahaad primary school ,0,June     ,2021,7.173334599,41.72156906,09 - 15,Kato-Katz,40,0,0,0,0,40,4,10,0,0,40,0,0,0,0,40,4,10
iuGjpnxnFbI,6/1/21,Mapping,Bali abad,Bali abad,0,June     ,2021,8.839726448,43.93016052,09 - 15,Kato-Katz,27,2,7,0,0,27,0,0,0,0,27,0,0,0,0,27,0,0
iuGjpnxnFbI,6/1/21,Mapping,Bali abad,Bali abad,0,June     ,2021,8.875479698,43.94374084,09 - 15,Kato-Katz,30,2,6,0,0,30,0,0,0,0,30,1,3,0,0,30,1,3
iuGjpnxnFbI,6/1/21,Mapping,Bali Midgan,Bali barkhadle,0,June     ,2021,7.979987621,45.43802261,09 - 15,Kato-Katz,29,2,6,0,0,29,0,0,0,0,29,0,0,0,0,29,0,0
iuGjpnxnFbI,6/1/21,Mapping,Balisha,Blisha primary school ,0,June     ,2021,6.072012901,44.72232437,09 - 15,Kato-Katz,30,0,0,0,0,30,0,0,0,0,30,0,0,0,0,30,0,0
iuGjpnxnFbI,6/1/21,Mapping,Balisuun,Balisuun,0,June     ,2021,8.349843025,44.78847122,09 - 15,Kato-Katz,31,1,3,0,0,31,0,0,0,0,31,2,6,0,0,31,2,6
iuGjpnxnFbI,6/1/21,Mapping,Bangoroyo,Halgama Bashir cabdi,0,June     ,2021,6.579778194,43.07909012,09 - 15,Kato-Katz,52,14,26,0,0,52,17,32,0,0,52,8,15,0,0,52,17,32
iuGjpnxnFbI,6/1/21,Mapping,Baraka,Baraka,0,June     ,2021,8.220404625,44.70511246,09 - 15,Kato-Katz,30,0,0,0,0,30,0,0,0,0,30,0,0,0,0,30,0,0
iuGjpnxnFbI,6/1/21,Mapping, baraq02  ,D/jabis,0,June     ,2021,9.706567764,42.00989914,09 - 15,Kato-Katz,30,0,0,0,0,30,0,0,0,0,30,0,0,0,0,30,0,0
iuGjpnxnFbI,6/1/21,Mapping,Barda- Qorax ,Berda- Qorax,0,June     ,2021,5.952214718,43.30395126,09 - 15,Kato-Katz,26,3,11,0,0,26,2,7,0,0,26,0,0,0,0,26,2,7
iuGjpnxnFbI,6/1/21,Mapping,barkatle,barkatl,0,June     ,2021,8.875616074,42.70241547,09 - 15,Kato-Katz,28,0,0,0,0,28,0,0,0,0,28,0,0,0,0,28,0,0
iuGjpnxnFbI,6/1/21,Mapping,barkele,barkele,0,June     ,2021,9.346507072,42.78884506,09 - 15,Kato-Katz,28,0,0,0,0,28,0,0,0,0,28,0,0,0,0,28,0,0
iuGjpnxnFbI,6/1/21,Mapping,barketls,barketle,0,June     ,2021,8.875645638,42.7026062,09 - 15,Kato-Katz,28,0,0,0,0,28,0,0,0,0,28,0,0,0,0,28,0,0
iuGjpnxnFbI,6/1/21,Mapping,Barkhadle,barkhadle,0,June     ,2021,8.875585556,42.7024765,09 - 15,Kato-Katz,28,0,0,0,0,28,0,0,0,0,28,0,0,0,0,28,0,0
iuGjpnxnFbI,6/1/21,Mapping,Barta ,Barta ,0,June     ,2021,7.873172283,44.36040878,09 - 15,Kato-Katz,33,1,3,0,0,33,0,0,0,0,33,0,0,0,0,33,0,0
iuGjpnxnFbI,6/1/21,Mapping,bedale,webisheble,0,June     ,2021,6.457339764,42.13684464,09 - 15,Kato-Katz,61,0,0,0,0,61,1,1,0,0,61,0,0,0,0,61,1,1
iuGjpnxnFbI,6/1/21,Mapping, bedale,darancim,0,June     ,2021,6.165343285,42.08445358,09 - 15,Kato-Katz,35,0,0,0,0,35,0,0,0,0,35,0,0,0,0,35,0,0
iuGjpnxnFbI,6/1/21,Mapping,Bedale,Adane,0,June     ,2021,6.156607628,42.08967209,09 - 15,Kato-Katz,28,1,3,0,0,28,0,0,0,0,28,0,0,0,0,28,0,0
iuGjpnxnFbI,6/1/21,Mapping,Bedale,Emey,0,June     ,2021,6.452122211,42.13202286,09 - 15,Kato-Katz,34,0,0,0,0,34,1,2,0,0,34,0,0,0,0,34,1,2
iuGjpnxnFbI,6/1/21,Mapping,Bedale,Hadule,0,June     ,2021,6.389916897,42.22951126,09 - 15,Kato-Katz,34,0,0,0,0,34,1,2,0,0,34,0,0,0,0,34,1,2
iuGjpnxnFbI,6/1/21,Mapping,Bede,Beede elemantary school,0,June     ,2021,3.569406033,39.23018646,09 - 15,Kato-Katz,31,6,19,0,0,31,3,9,0,0,31,0,0,0,0,31,3,9
iuGjpnxnFbI,6/1/21,Mapping,bedkstle,Berkdtle,0,June     ,2021,9.346354485,42.78873062,09 - 15,Kato-Katz,28,0,0,0,0,28,0,0,0,0,28,0,0,0,0,28,0,0
iuGjpnxnFbI,6/1/21,Mapping,Beede,Beede primary school,0,June     ,2021,3.583954096,39.20824051,09 - 15,Kato-Katz,31,8,25,0,0,31,3,9,0,0,31,0,0,0,0,31,3,9
iuGjpnxnFbI,6/1/21,Mapping,Beliergin ,Bali irgin,0,June     ,2021,8.113061905,44.50560379,09 - 15,Kato-Katz,35,1,2,0,0,35,0,0,0,0,35,0,0,0,0,35,0,0
iuGjpnxnFbI,6/1/21,Mapping,Benandeyured,Benandeyured primary school ,0,June     ,2021,7.445543766,42.21899796,09 - 15,Kato-Katz,30,2,6,0,0,30,1,3,0,0,30,0,0,0,0,30,1,3
iuGjpnxnFbI,6/1/21,Mapping, Berkunal ,Berkunal,0,June     ,2021,7.703808784,43.05039215,09 - 15,Kato-Katz,20,0,0,0,0,20,0,0,0,0,20,0,0,0,0,20,0,0
iuGjpnxnFbI,6/1/21,Mapping,Berocano,Berocano,0,June     ,2021,6.103823185,43.21067047,09 - 15,Kato-Katz,30,2,6,0,0,30,2,6,0,0,30,0,0,0,0,30,2,6
iuGjpnxnFbI,6/1/21,Mapping,Berocano,Wadajir,0,June     ,2021,6.09523201,43.21576309,09 - 15,Kato-Katz,30,2,6,0,0,30,2,6,0,0,30,0,0,0,0,30,2,6
iuGjpnxnFbI,6/1/21,Mapping,Beyain,Baki alo,0,June     ,2021,9.351713181,42.77772522,09 - 15,Kato-Katz,29,4,13,0,0,29,4,13,0,0,29,0,0,0,0,29,4,13
iuGjpnxnFbI,6/1/21,Mapping,Beyan,Bakale,0,June     ,2021,9.209802628,42.43422318,09 - 15,Kato-Katz,29,4,13,0,0,29,4,13,0,0,29,0,0,0,0,29,4,13
iuGjpnxnFbI,6/1/21,Mapping,biila,biila,0,June     ,2021,9.532157898,41.41344452,09 - 15,Kato-Katz,28,1,3,0,0,28,0,0,0,0,28,0,0,0,0,28,0,0
iuGjpnxnFbI,6/1/21,Mapping,Biko,Dundumened,0,June     ,2021,9.024303436,42.40027237,09 - 15,Kato-Katz,28,10,35,0,0,28,0,0,0,0,28,0,0,0,0,28,0,0
iuGjpnxnFbI,6/1/21,Mapping,Bila,Bila ,0,June     ,2021,9.532250404,41.413414,09 - 15,Kato-Katz,28,1,3,0,0,28,0,0,0,0,28,0,0,0,0,28,0,0
iuGjpnxnFbI,6/1/21,Mapping,bilakelda,elot,0,June     ,2021,6.013647079,42.07485962,09 - 15,Kato-Katz,31,3,9,0,0,31,1,3,0,0,31,0,0,0,0,31,1,3
iuGjpnxnFbI,6/1/21,Mapping,bioade,hager,0,June     ,2021,5.056809902,43.04553986,09 - 15,Kato-Katz,26,0,0,0,0,26,0,0,0,0,26,0,0,0,0,26,0,0
iuGjpnxnFbI,6/1/21,Mapping,Bioade (Harsog) ,Harsog ,0,June     ,2021,5.526154518,43.39886475,09 - 15,Kato-Katz,27,1,3,0,0,27,2,7,0,0,27,0,0,0,0,27,2,7
iuGjpnxnFbI,6/1/21,Mapping,Biraley,Biraley,0,June     ,2021,5.654423714,43.39795685,09 - 15,Kato-Katz,30,4,13,0,0,30,4,13,0,0,30,3,10,0,0,30,7,23