Zone Name,Woreda Name,Region,NTD Zone ID,Woreda ID,Period,Trachoma Data Source,Current TF %  (1-9 yrs),Current TT%,Population treated for trachoma with Azithromycin Tablets Women,Population treated for trachoma with Azithromycin Tablets Men,Population treated for trachoma with Azithromycin Pediatric Oral Suspension Women,Population treated for trachoma with Azithromycin Pediatric Oral Suspension Men,Population treated for trachoma with tetracycline eye ointment  Women,Population treated for trachoma with tetracycline eye ointment Men,Number of Persons Treated with Azythromycin Eye Drops Women,Number of Persons Treated with Azythromycin Eye Drops Men,Number of Persons Operated on for TT Female,"Number of Persons Operated on for TT Male	",Population targeted for trachoma treatment
Afder,Bare,Somali,ORG00000844,ORG00000854,2018,TEMF Import,11.3,0.1,"38,423",38423,6173,6173,1282,1282,,,,,107934
Afder,Chereti,Somali,ORG00000844,ORG00000848,2018,TEMF Import,10.3,0.8,"39,988",39988,5807,5807,271,271,,,,,126228
Afder,Dolobay,Somali,ORG00000844,ORG00000849,2018,TEMF Import,11.3,0.1,"41,982",41982,6994,6994,301,301,,,,,115735
Afder,Elkere,Somali,ORG00000844,ORG00000853,2018,TEMF Import,8.1,0.2,,,0,0,987,987,,,,,79738
Afder,God-god,Somali,ORG00000844,ORG00000855,2018,TEMF Import,11.3,0.1,"12,123",12123,1947,1947,280,280,,,,,31215
Afder,Goraboqaksa,Somali,ORG00000844,ORG00000851,2018,TEMF Import,10.3,0.8,"25,802",25802,4400,4400,627,627,,,,,70943
Afder,Guradamole,Somali,ORG00000844,ORG00000845,2018,TEMF Import,10.3,0.8,"11,006",11006,1845,1845,,,,,,,29564
Afder,Hargele,Somali,ORG00000844,ORG00000846,2018,TEMF Import,11.3,0.1,"39,205",39205,6228,6228,,,,,,,108917
Afder,Karsa dula baliad,Somali,ORG00000844,ORG00000852,2018,TEMF Import,16.8,1.0,"20,617",20617,3546,3546,,,,,,,57883
Afder,Qooxle,Somali,ORG00000844,ORG00000856,2018,TEMF Import,11.3,0.1,"7,188",7188,1217,1217,,,,,,,19813
Afder,Raso,Somali,ORG00000844,ORG00000850,2018,TEMF Import,8.1,0.2,,,,,,,,,,,43537
Afder,West Emay,Somali,ORG00000844,ORG00000847,2018,TEMF Import,8.1,0.2,,,,,,,,,,,66571
Degehabur,Ararso,Somali,ORG00000857,ORG00000861,2018,TEMF Import,5.3,,,,,,,,,,,,42503
Degehabur,Aware,Somali,ORG00000857,ORG00000859,2018,TEMF Import,5.3,,,,,,,,,,,,25686
Degehabur,Birqot,Somali,ORG00000857,ORG00000862,2018,TEMF Import,4.6,0.2,,,,,,,,,,,38977
Degehabur,Daror,Somali,ORG00000857,ORG00000864,2018,TEMF Import,5.3,,,,,,,,,,,,42258
Degehabur,Degahabure,Somali,ORG00000857,ORG00000860,2018,TEMF Import,5.7,0.5,,,,,,,,,,,28239
Degehabur,Degahabure Town,Somali,ORG00000857,ORG00000860,2018,TEMF Import,,,,,,,638,638,,,,,41323
Degehabur,Degahmadow,Somali,ORG00000857,ORG00000858,2018,TEMF Import,5.7,0.5,,,,,,,,,,,80680
Degehabur,Gashamo,Somali,ORG00000857,ORG00000867,2018,TEMF Import,5.3,,,,,,,,,,,,106303
Degehabur,Gunagado,Somali,ORG00000857,ORG00000865,2018,TEMF Import,5.7,0.5,,,,,587,587,,,,,154902
Degehabur,Yocale,Somali,ORG00000857,ORG00000866,2018,TEMF Import,5.3,,,,,,2387,2387,,,,,41171
Dollo,Bokh,Somali,ORG00000868,ORG00000869,2018,TEMF Import,4.6,0.2,,,,,678,678,,,,,118277
Dollo,Danot,Somali,ORG00000868,ORG00000871,2018,TEMF Import,4.6,0.2,,,,,308,308,,,,,17817
Dollo,Daratole,Somali,ORG00000868,ORG00000872,2018,TEMF Import,1.2,0.0,,,,,,,,,,,34055
Dollo,Galadin,Somali,ORG00000868,ORG00000870,2018,TEMF Import,4.6,0.2,,,,,,,,,,,134661
Dollo,Lahelaw-Yeob,Somali,ORG00000868,,2018,TEMF Import,,,,,,,,,,,,,26053
Dollo,Warder,Somali,ORG00000868,ORG00000873,2018,TEMF Import,1.2,0.0,,,,,,,,,,,25586
Erer,Fik,Somali,,,2018,TEMF Import,5.3,0.5,,,,,,,,,,,77844
Erer,Mayamulko,Somali,,,2018,TEMF Import,5.3,0.5,,,,,,,,,,,17286
Erer,,Somali,,,2018,TEMF Import,,,,,,,,,,,,,
Erer,Qubi,Somali,,,2018,TEMF Import,5.3,0.5,,,,,,,,,,,47510
Erer,Wangay,Somali,,,2018,TEMF Import,,,,,,,,,,,,,16366
Erer,Yaxoob,Somali,,,2018,TEMF Import,5.3,0.5,,,,,,,,,,,19523
Faafame,Awbare,Somali,ORG00000874,ORG00000881,2018,TEMF Import,32.0,1.2,"142,204",142204,22959,22959,,,,,,,394361
Faafame,Babile,Somali,ORG00000874,ORG00000875,2018,TEMF Import,18.7,1.3,"38,623",38623,6562,6562,,,,,,,106435
Faafame,Goljano,Somali,ORG00000874,ORG00000877,2018,TEMF Import,18.7,1.3,"21,570",21570,3977,3977,,,,,,,58589
Faafame,Gursum,Somali,ORG00000874,ORG00000876,2018,TEMF Import,18.7,1.3,"14,669",14669,2267,2267,,,,,,,38411
Faafame,Harawa,Somali,ORG00000874,ORG00000882,2018,TEMF Import,32.0,1.2,"18,413",18413,3074,3074,,,,,,,47582
Faafame,Harorays,Somali,ORG00000874,ORG00000888,2018,TEMF Import,18.7,1.3,"18,980",18980,3200,3200,,,,,,,50171
Faafame,Harshim,Somali,ORG00000874,ORG00000879,2018,TEMF Import,37.7,0.3,"39,907",39907,6493,6493,,,,,,,110403
Faafame,Jijiga Town,Somali,ORG00000874,ORG00000878,2018,TEMF Import,,,,,0,0,,,,,,,162584
Faafame,Kebribeyah,Somali,ORG00000874,ORG00000886,2018,TEMF Import,37.7,0.3,"46,637",46637,7892,7892,,,,,,,124294
Faafame,Kebribeyah Town,Somali,ORG00000874,ORG00000886,2018,TEMF Import,37.7,0.3,"10,795",10795,1706,1706,,,,,,,18057
Faafame,Qoran-Mulla,Somali,ORG00000874,ORG00000885,2018,TEMF Import,37.7,0.3,"11,920",11920,1972,1972,,,,,,,31667
Faafame,Shabeley,Somali,ORG00000874,ORG00000887,2018,TEMF Import,18.7,1.3,"36,118",36118,5986,5986,,,,,,,101185
Faafame,Togo Wajjale,Somali,ORG00000874,ORG00000883,2018,TEMF Import,32.0,1.2,"11,356",11356,1855,1855,939,939,,,,,30247
Faafame,Tuliguled,Somali,ORG00000874,ORG00000880,2018,TEMF Import,37.7,0.3,"24,862",24862,4216,4216,292,292,,,,,66847
Korahe,Boodaly,Somali,ORG00000889,,2018,TEMF Import,,,,,,,766,766,,,,,20722
Korahe,Ceel ogaden,Somali,ORG00000889,,2018,TEMF Import,,,,,,,,,,,,,19330
Korahe,Dobowayn,Somali,ORG00000889,ORG00000895,2018,TEMF Import,1.2,0.1,,,,,636,636,,,,,76318
Korahe,Gogle/Kudunbur,Somali,ORG00000889,,2018,TEMF Import,,,,,,,,,,,,,22096
Korahe,Hig loley,Somali,ORG00000889,,2018,TEMF Import,,,,,,,,,,,,,20330
Korahe,Kebridahar,Somali,ORG00000889,ORG00000892,2018,TEMF Import,1.0,0.1,,,,,,,,,,,76954
Korahe,Kebridehar Town,Somali,ORG00000889,ORG00000890,2018,TEMF Import,,,,,,,,,,,,,40464
Korahe,Lasdhankeere,Somali,ORG00000889,,2018,TEMF Import,,,,,,,,,,,,,18893
Korahe,Marsin,Somali,ORG00000889,ORG00000891,2018,TEMF Import,1.0,0.1,,,,,,,,,,,20765
Korahe,Shaygosh,Somali,ORG00000889,ORG00000894,2018,TEMF Import,4.6,0.2,,,,,,,,,,,46630
Korahe,Shilabo,Somali,ORG00000889,ORG00000893,2018,TEMF Import,1.2,0.1,,,,,,,,,,,79464
Liban,Deka suftu,Somali,ORG00000896,ORG00000900,2018,TEMF Import,16.8,1.0,"22,307",22307,3828,3828,1276,638,,,,,62402
Liban,Doloado,Somali,ORG00000896,ORG00000897,2018,TEMF Import,8.6,0.2,,,,,,,,,,,112085
Liban,Filtu,Somali,ORG00000896,ORG00000901,2018,TEMF Import,8.6,0.2,,,,,,,,,,,12917
Liban,Hudet,Somali,ORG00000896,ORG00000899,2018,TEMF Import,16.8,1.0,"21,624",21624,3750,3750,1173,587,,,,,59920
Liban,Moyale,Somali,ORG00000896,ORG00000902,2018,TEMF Import,11.9,0.8,"88,073",88073,14745,14745,4774,2387,,,,,246959
Liban,Mubarek,Somali,ORG00000896,ORG00000898,2018,TEMF Import,16.8,1.0,"25,329",25329,1894,1894,1356,678,,,,,69617
Liban,Qadaadumo,Somali,ORG00000896,ORG00000903,2018,TEMF Import,11.9,0.8,"11,387",11387,1894,1894,616,308,,,,,29623
Nogobo,Cayuun,Somali,ORG00000904,,2018,TEMF Import,,,,,,,,,,,,,22140
Nogobo,Duhun,Somali,ORG00000904,ORG00000908,2018,TEMF Import,1.1,0.1,,,,,,,,,,,19060
Nogobo,Garbo,Somali,ORG00000904,ORG00000909,2018,TEMF Import,1.1,0.1,,,,,,,,,,,62898
Nogobo,Hamaro,Somali,ORG00000904,ORG00000907,2018,TEMF Import,2.1,0.3,,,,,,,,,,,62828
Nogobo,Hor shagah,Somali,ORG00000904,,2018,TEMF Import,,,,,,,,,,,,,16849
Nogobo,Lagahida,Somali,ORG00000904,ORG00000905,2018,TEMF Import,2.1,0.3,,,,,,,,,,,24793
Nogobo,Sagag,Somali,ORG00000904,ORG00000911,2018,TEMF Import,1.1,0.1,,,,,,,,,,,50663
Nogobo,Salahad,Somali,ORG00000904,ORG00000906,2018,TEMF Import,2.1,0.3,,,,,,,,,,,33710
Nogobo,Xararay,Somali,ORG00000904,,2018,TEMF Import,,,,,,,,,,,,,21371
Shebele,Adadle,Somali,ORG00000914,ORG00000919,2018,TEMF Import,7.7,0.2,,,,,,,,,,,114
Shebele,Berano,Somali,ORG00000914,ORG00000924,2018,TEMF Import,7.7,0.2,,,,,,,,,,,70748
Shebele,Celewyane,Somali,ORG00000914,ORG00000918,2018,TEMF Import,7.7,0.2,,,,,,,,,,,
Shebele,Dhanan,Somali,ORG00000914,ORG00000923,2018,TEMF Import,7.7,0.2,,,,,,,,,,,17617
Shebele,East Emi,Somali,ORG00000914,ORG00000920,2018,TEMF Import,8.1,0.2,,,,,,,,,,,80052
Shebele,Ferfer,Somali,ORG00000914,ORG00000922,2018,TEMF Import,3.3,0.0,,,,,,,,,,,54159
Shebele,Gode,Somali,ORG00000914,ORG00000915,2018,TEMF Import,7.7,0.2,,,,,,,,,,,12566
Shebele,Gode Town,Somali,ORG00000914,ORG00000916,2018,TEMF Import,,,,,,,,,,,,,59030
Shebele,Kelafo,Somali,ORG00000914,ORG00000921,2018,TEMF Import,3.3,0.0,,,,,,,,,,,106420
Shebele,Mustehil,Somali,ORG00000914,ORG00000917,2018,TEMF Import,3.3,0.0,,,,,,,,,,,64370
Siti,Afdem,Somali,ORG00000925,ORG00000929,2018,TEMF Import,9.1,0.2,,,,,,,,,,,89354
Siti,Ayshia,Somali,ORG00000925,ORG00000927,2018,TEMF Import,9.1,0.2,,,,,,,,,,,80210
Siti,Dambal,Somali,ORG00000925,ORG00000928,2018,TEMF Import,9.1,0.2,,,,,,,,,,,112891
Siti,Erer,Somali,ORG00000925,ORG00000931,2018,TEMF Import,10.0,0.5,"36,381",36381,6373,6373,1877,939,,,,,95213
Siti,Gablalu,Somali,ORG00000925,ORG00000933,2018,TEMF Import,10.0,0.5,"10,474",10474,1706,1706,584,292,,,,,40762
Siti,Hadhagala,Somali,ORG00000925,ORG00000932,2018,TEMF Import,10.0,0.5,"28,413",28413,4733,4733,1531,766,,,,,76595
Siti,Mieso,Somali,ORG00000925,ORG00000930,2018,TEMF Import,9.0,0.7,,,,,,,,,,,98520
Siti,Shinile,Somali,ORG00000925,ORG00000926,2018,TEMF Import,10.0,0.5,"24,628",24628,4094,4094,1271,636,,,,,65269
Awsa,Abala,Afar,ORG00000014,ORG00000029,2018,TEMF Import,6.5,0.4,,,,,,,,,,,
Awsa,Adar,Afar,ORG00000014,ORG00000018,2018,TEMF Import,2.9,0.2,,,,,,,,,,,
Awsa,Afambo,Afar,ORG00000014,ORG00000026,2018,TEMF Import,6.2,0.2,,,,,,,,,,,
Awsa,Afdera,Afar,ORG00000014,ORG00000023,2018,TEMF Import,3.8,0.1,,,,,,,,,,,
Awsa,Amibara,Afar,ORG00000014,ORG00000020,2018,TEMF Import,6.0,1.0,,,,,,,,,,,
Awsa,Aregoba,Afar,ORG00000014,ORG00000017,2018,TEMF Import,5.6,0.7,,,,,,,,,,,
Awsa,Awash fentale,Afar,ORG00000014,ORG00000021,2018,TEMF Import,5.6,0.7,,,,,,,,,,,
Awsa,Awash Town,Afar,ORG00000014,ORG00000015,2018,TEMF Import,,,,,,,,,,,,,
Awsa,Awra,Afar,ORG00000014,ORG00000028,2018,TEMF Import,6.1,0.2,,,,,,,,,,,
Awsa,Aysaeta,Afar,ORG00000014,ORG00000027,2018,TEMF Import,6.2,0.2,,,,,,,,,,,
Awsa,Chifra,Afar,ORG00000014,ORG00000019,2018,TEMF Import,,,,,,,,,,,,,
Awsa,Dubti,Afar,ORG00000014,ORG00000025,2018,TEMF Import,5.6,0.1,,,,,,,,,,,
Awsa,Elidar,Afar,ORG00000014,ORG00000030,2018,TEMF Import,6.2,0.2,,,,,,,,,,,
Awsa,Kori,Afar,ORG00000014,ORG00000024,2018,TEMF Import,5.6,0.1,,,,,,,,,,,
Awsa,Mile,Afar,ORG00000014,ORG00000022,2018,TEMF Import,2.9,0.2,,,,,,,,,,,
Awsa,Semra Logya Town,Afar,ORG00000014,ORG00000016,2018,TEMF Import,,,,,,,,,,,,,
Fanti,Bedu,Afar,ORG00000031,ORG00000033,2018,TEMF Import,3.8,0.1,,,,,,,,,,,
Fanti,Berahle,Afar,ORG00000031,ORG00000034,2018,TEMF Import,6.5,0.4,,,,,,,,,,,
Fanti,Buremodaytu,Afar,ORG00000031,ORG00000032,2018,TEMF Import,6.0,1.0,,,,,,,,,,,
Gabi,Dalifage,Afar,ORG00000035,ORG00000038,2018,TEMF Import,16.3,1.2,,,,,,,,,,,42243
Gabi,Dalul,Afar,ORG00000035,ORG00000036,2018,TEMF Import,5.1,0.2,,,,,,,,,,,
Gabi,Dewe,Afar,ORG00000035,ORG00000039,2018,TEMF Import,16.3,1.2,,,,,,,,,,,49279
Gabi,Dulech,Afar,ORG00000035,ORG00000037,2018,TEMF Import,6.0,1.0,,,,,,,,,,,
Harri,Erebti,Afar,ORG00000040,ORG00000044,2018,TEMF Import,3.8,0.1,,,,,,,,,,,
Harri,Ewa,Afar,ORG00000040,ORG00000043,2018,TEMF Import,2.0,0.3,,,,,,,,,,,
Harri,Gewane,Afar,ORG00000040,ORG00000042,2018,TEMF Import,6.0,1.0,,,,,,,,,,,
Harri,Gulina,Afar,ORG00000040,ORG00000045,2018,TEMF Import,,,,,,,,,,,,,
Harri,Hadaleelila,Afar,ORG00000040,ORG00000041,2018,TEMF Import,5.6,0.7,,,,,,,,,,,
Harri,Koneba,Afar,ORG00000040,ORG00000046,2018,TEMF Import,5.1,0.2,,,,,,,,,,,
Kilbat,Megalle,Afar,ORG00000047,ORG00000048,2018,TEMF Import,,,,,,,,,,,,,
Kilbat,Samorobigelalu,Afar,ORG00000047,ORG00000049,2018,TEMF Import,5.6,0.7,,,,,,,,,,,
Kilbat,Telalak,Afar,ORG00000047,ORG00000051,2018,TEMF Import,16.3,1.2,,,,,,,,,,,51383
Kilbat,Teru,Afar,ORG00000047,ORG00000050,2018,TEMF Import,6.1,0.2,,,,,,,,,,,
Kilbat,Yalo,Afar,ORG00000047,ORG00000052,2018,TEMF Import,,,,,,,,,,,,,
Awi,Ankesha Guagusa,Amhara,ORG00000054,ORG00000055,2018,TEMF Import,16.9,3.2,"40,845",41942,5923,5906,572,1104,,,,,106638
Awi,Ayehu,Amhara,ORG00000054,,2018,TEMF Import,16.9,3.2,"54,667",55798,8646,8544,1006,1717,,,,,136715
Awi,Banja Shikudad,Amhara,ORG00000054,ORG00000065,2018,TEMF Import,4.0,0.9,,,,,,,,,,,
Awi,Chagni Town,Amhara,ORG00000054,ORG00000059,2018,TEMF Import,1.7,0.8,,,,,,,,,,,
Awi,Dangila,Amhara,ORG00000054,ORG00000060,2018,TEMF Import,1.8,1.0,,,,,,,,,,,
Awi,Dangla Town,Amhara,ORG00000054,ORG00000064,2018,TEMF Import,1.1,0.9,,,,,,,,,,,
Awi,Fagita Lekoma,Amhara,ORG00000054,ORG00000062,2018,TEMF Import,11.7,1.1,"61,721",62622,8778,9153,1080,1888,,,,,166534
Awi,Guagusa Shikudad,Amhara,ORG00000054,ORG00000057,2018,TEMF Import,28.3,3.0,"36,850",37850,5304,5950,780,1385,,,,,106957
Awi,Guangua,Amhara,ORG00000054,ORG00000063,2018,TEMF Import,1.7,0.8,,,,,,,,,,,
Awi,Injibara Town,Amhara,ORG00000054,ORG00000058,2018,TEMF Import,1.5,1.4,,,,,,,,,,,
Awi,Jawi,Amhara,ORG00000054,ORG00000061,2018,TEMF Import,4.9,3.4,,,,,,,,,,,
Awi,Jawi,Amhara,ORG00000054,ORG00000061,2018,TEMF Import,,,,,,,,,,,,,
Awi,Zigem,Amhara,ORG00000054,ORG00000056,2018,TEMF Import,16.4,0.7,"43,140",44072,7442,7751,866,1424,,,,,111008
E. Gojam,Aneded,Amhara,ORG00000066,ORG00000075,2018,TEMF Import,15.1,2.6,"42,593",44486,7379,8050,828,1403,,,,,110806
E. Gojam,Awabel,Amhara,ORG00000066,ORG00000073,2018,TEMF Import,11.3,1.8,"56,747",59196,9179,9810,1168,1903,,,,,149624
E. Gojam,Basoliben,Amhara,ORG00000066,ORG00000072,2018,TEMF Import,18.1,3.2,"64,045",68670,10711,12201,1252,2154,,,,,172978
E. Gojam,Bibugn,Amhara,ORG00000066,ORG00000071,2018,TEMF Import,10.6,3.4,"40,082",40077,4645,5044,595,1142,,,,,98348
E. Gojam,Debay Tilatgen,Amhara,ORG00000066,ORG00000067,2018,TEMF Import,27.9,1.7,"59,228",60491,9916,10331,1237,1930,,,,,151794
E. Gojam,Debre Elias,Amhara,ORG00000066,ORG00000069,2018,TEMF Import,6.6,1.8,"38,306",40801,6865,7064,784,1207,,,,,105162
E. Gojam,Debre Markos,Amhara,ORG00000066,ORG00000074,2018,TEMF Import,2.1,1.4,,,,,,,,,,,
E. Gojam,Dejen,Amhara,ORG00000066,ORG00000070,2018,TEMF Import,20.1,3.3,"43,943",48898,8296,9360,961,1636,,,,,126716
E. Gojam,Enarje Enawuga,Amhara,ORG00000066,ORG00000081,2018,TEMF Import,17.0,2.3,"78,445",88272,10975,12888,1587,2635,,,,,212954
E. Gojam,Enebsie Sarmeder,Amhara,ORG00000066,ORG00000078,2018,TEMF Import,16.3,3.0,"60,673",67404,10000,11110,1250,2042,,,,,166103
E. Gojam,Enemay,Amhara,ORG00000066,ORG00000077,2018,TEMF Import,23.5,1.9,"78,621",85965,12437,13555,1473,2475,,,,,202801
E. Gojam,Gonchasieso enesie,Amhara,ORG00000066,ORG00000082,2018,TEMF Import,24.0,5.7,"79,597",81473,13306,14189,1546,2629,,,,,205116
E. Gojam,Gozamen,Amhara,ORG00000066,ORG00000080,2018,TEMF Import,5.3,1.1,"59,685",61930,29527,11007,1695,1999,,,,,163244
E. Gojam,Huletejuenesie,Amhara,ORG00000066,ORG00000076,2018,TEMF Import,13.4,2.3,"52,729",54197,7980,8483,988,2028,,,,,161570
E. Gojam,Machakel,Amhara,ORG00000066,ORG00000084,2018,TEMF Import,14.1,3.6,"57,426",57352,9330,9631,973,1678,,,,,144414
E. Gojam,Motta town,Amhara,ORG00000066,ORG00000079,2018,TEMF Import,3.8,1.4,,,,,,,,,,,
E. Gojam,Sedie,Amhara,ORG00000066,,2018,TEMF Import,4.1,1.2,,,,,,,,,,,
E. Gojam,Shebel berenta,Amhara,ORG00000066,ORG00000068,2018,TEMF Import,22.9,1.8,"52,077",57954,8545,9652,768,1861,,,,,135475
E. Gojam,Sinan,Amhara,ORG00000066,ORG00000083,2018,TEMF Import,2.9,0.6,,,,,,,,,,,
N. Gonder,Adi Arkay,Amhara,ORG00000085,ORG00000087,2018,TEMF Import,3.6,1.4,,,,,,,,,,,
N. Gonder,Alefa,Amhara,ORG00000085,ORG00000088,2018,TEMF Import,3.2,0.8,,,,,,,,,,,
N. Gonder,Beyeda,Amhara,ORG00000085,ORG00000107,2018,TEMF Import,7.1,0.5,"35,508",34712,5471,6136,665,1103,,,,,92941
N. Gonder,Beyeda,Amhara,ORG00000085,ORG00000107,2018,TEMF Import,,,,,,,,,,,,,
N. Gonder,Chilga,Amhara,ORG00000085,ORG00000105,2018,TEMF Import,3.1,2.4,,,,,,,,,,,
N. Gonder,Dabat,Amhara,ORG00000085,ORG00000093,2018,TEMF Import,42.4,4.1,"60,859",66093,10412,11580,1323,2231,,,,,186465
N. Gonder,Debark,Amhara,ORG00000085,ORG00000086,2018,TEMF Import,16.2,1.0,"61,751",59731,10767,10987,1333,2584,,,,,167861
N. Gonder,Debark town,Amhara,ORG00000085,ORG00000089,2018,TEMF Import,3.3,0.7,,,,,,,,,,,
N. Gonder,East Belesa,Amhara,ORG00000085,ORG00000108,2018,TEMF Import,34.9,8.5,"52,926",52479,10311,10215,1146,1703,,,,,143434
N. Gonder,East Dembia,Amhara,ORG00000085,,2018,TEMF Import,17.5,1.1,"79,177",83360,14332,14944,1584,2502,,,,,212209
N. Gonder,Gendawuha,Amhara,ORG00000085,ORG00000090,2018,TEMF Import,1.8,1.4,,,,,,,,,,,
N. Gonder,Gonder town,Amhara,ORG00000085,ORG00000103,2018,TEMF Import,3.3,1.4,,,,,,,,,,,
N. Gonder,Gonder Zuriya,Amhara,ORG00000085,ORG00000092,2018,TEMF Import,42.8,4.1,"88,291",88348,13776,14788,1701,2956,,,,,240575
N. Gonder,Janamora,Amhara,ORG00000085,ORG00000099,2018,TEMF Import,35.7,2.9,"83,865",81074,15767,14105,1587,2538,,,,,217066
N. Gonder,Kinfazbegela,Amhara,ORG00000085,,2018,TEMF Import,18.5,1.8,"30,460",29474,5182,6426,838,1286,,,,,82268
N. Gonder,Lay Armachiho,Amhara,ORG00000085,ORG00000106,2018,TEMF Import,1.1,0.6,,,,,,,,,,,
N. Gonder,Metema,Amhara,ORG00000085,ORG00000104,2018,TEMF Import,1.0,0.7,,,,,,,,,,,
N. Gonder,Mirab Belesa,Amhara,ORG00000085,ORG00000102,2018,TEMF Import,41.1,1.9,"68,330",68151,11408,11659,1417,2044,,,,,203543
N. Gonder,Quara,Amhara,ORG00000085,ORG00000097,2018,TEMF Import,4.7,0.3,,,,,,,,,,,
N. Gonder,Tach Armachiho,Amhara,ORG00000085,ORG00000106,2018,TEMF Import,3.2,1.9,,,,,,,,,,,
N. Gonder,Takusa,Amhara,ORG00000085,ORG00000098,2018,TEMF Import,8.3,0.8,"68,376",73488,11145,12480,1592,2370,,,,,179662
N. Gonder,Tegedie,Amhara,ORG00000085,ORG00000101,2018,TEMF Import,2.5,0.6,,,,,,,,,,,
N. Gonder,Telemt,Amhara,ORG00000085,ORG00000096,2018,TEMF Import,8.6,1.1,"37,912",38064,6459,6469,670,1183,,,,,98772
N. Gonder,Telemt,Amhara,ORG00000085,ORG00000096,2018,TEMF Import,,,,,,,,,,,,,0
N. Gonder,West Armachoho,Amhara,ORG00000085,ORG00000095,2018,TEMF Import,3.3,0.9,,,,,,,,,,,0
N. Gonder,West Dembia,Amhara,ORG00000085,,2018,TEMF Import,17.5,1.1,"48,735",51004,8520,9059,1023,1853,,,,,134504
N. Gonder,Wogera,Amhara,ORG00000085,ORG00000094,2018,TEMF Import,18.0,0.9,"91,184",92524,15728,16234,1941,2752,,,,,241373
N. Shoa,Angolelna tera,Amhara,ORG00000109,ORG00000132,2018,TEMF Import,3.4,0.4,,,,,,,,,,,
N. Shoa,Ankober,Amhara,ORG00000109,ORG00000126,2018,TEMF Import,3.6,1.4,,,,,,,,,,,0
N. Shoa,Antsokiagemza,Amhara,ORG00000109,ORG00000124,2018,TEMF Import,17.8,5.9,"23,685",23255,3523,3538,529,695,,,,,64755
N. Shoa,Assagirt,Amhara,ORG00000109,ORG00000127,2018,TEMF Import,6.2,0.7,"20,374",18965,2713,2678,465,593,,,,,58004
N. Shoa,Baso Naworana,Amhara,ORG00000109,ORG00000133,2018,TEMF Import,5.0,1.0,,,,,,,,,,,
N. Shoa,Berehet,Amhara,ORG00000109,ORG00000118,2018,TEMF Import,3.2,2.5,,,,,,,,,,,
N. Shoa,Debirebirhan,Amhara,ORG00000109,ORG00000119,2018,TEMF Import,10.5,0.9,"3,419",3302,881,889,145,169,,,,,15462
N. Shoa,Efratanagidem,Amhara,ORG00000109,ORG00000114,2018,TEMF Import,8.5,1.4,"59,597",63354,9769,10387,1147,2148,,,,,174370
N. Shoa,Ensaro,Amhara,ORG00000109,ORG00000130,2018,TEMF Import,54.7,10.4,"26,403",24965,4810,4423,563,864,,,,,75766
N. Shoa,Geshe,Amhara,ORG00000109,ORG00000110,2018,TEMF Import,6.1,0.6,"28,068",27681,3995,4075,604,748,,,,,74990
N. Shoa,Hageremariam,Amhara,ORG00000109,ORG00000111,2018,TEMF Import,15.1,3.9,"21,290",20248,3196,3032,410,639,,,,,67575
N. Shoa,Kewot,Amhara,ORG00000109,ORG00000115,2018,TEMF Import,15.9,4.6,"34,215",34617,5224,5371,720,999,,,,,94980
N. Shoa,Menzgera,Amhara,ORG00000109,ORG00000116,2018,TEMF Import,2.3,0.2,,,,,,,,,,,
N. Shoa,Menzkeya,Amhara,ORG00000109,ORG00000120,2018,TEMF Import,44.9,2.5,"20,899",23254,3628,3922,620,589,,,,,58500
N. Shoa,Menzlallo,Amhara,ORG00000109,ORG00000112,2018,TEMF Import,4.96,1.0,,,,,,,,,,,
N. Shoa,Menzmamma,Amhara,ORG00000109,ORG00000123,2018,TEMF Import,1.5,0.4,,,,,,,,,,,
N. Shoa,Merhabete,Amhara,ORG00000109,ORG00000113,2018,TEMF Import,44.8,4.5,"53,380",55379,8841,9673,1144,1844,,,,,148207
N. Shoa,Midana Worem,Amhara,ORG00000109,ORG00000125,2018,TEMF Import,49.7,3.2,"40,296",39999,6085,6292,766,1099,,,,,115882
N. Shoa,Minjarshenkora,Amhara,ORG00000109,ORG00000131,2018,TEMF Import,8.2,1.1,"63,864",62131,8028,8402,1199,1819,,,,,165063
N. Shoa,Mojanawodera,Amhara,ORG00000109,ORG00000128,2018,TEMF Import,7.7,1.3,"30,707",31552,5129,5347,668,956,,,,,84715
N. Shoa,Moretnajiru,Amhara,ORG00000109,ORG00000122,2018,TEMF Import,55.8,2.0,"34,823",32735,5796,5998,755,1144,,,,,114338
N. Shoa,Shewarobit,Amhara,ORG00000109,ORG00000121,2018,TEMF Import,2.8,1.0,,,,,,,,,,,
N. Shoa,Siyadebirnawayu,Amhara,ORG00000109,ORG00000117,2018,TEMF Import,17.4,3.3,"25,396",24240,4206,4214,580,805,,,,,75042
N. Shoa,Tarmaber,Amhara,ORG00000109,ORG00000129,2018,TEMF Import,33.9,5.7,"39,198",39106,6915,6567,1023,1438,,,,,109186
N. Wello,Angot,Amhara,ORG00000134,ORG00000147,2018,TEMF Import,0.8,0.1,,,,,,,,,,,
N. Wello,Bugna,Amhara,ORG00000134,ORG00000137,2018,TEMF Import,42.7,2.3,"38,023",35281,6669,6437,863,1150,,,,,97913
N. Wello,Dawunt,Amhara,ORG00000134,ORG00000140,2018,TEMF Import,39.0,1.7,"28,718",27801,4528,4780,545,887,,,,,82720
N. Wello,Gazo,Amhara,ORG00000134,ORG00000148,2018,TEMF Import,4.3,0.5,,,,,,,,,,,
N. Wello,Gidan,Amhara,ORG00000134,ORG00000144,2018,TEMF Import,14.4,1.0,"48,513",51954,7370,8067,1005,1708,,,,,140037
N. Wello,Gubalafto,Amhara,ORG00000134,ORG00000143,2018,TEMF Import,3.0,2.2,,,,,,,,,,,
N. Wello,Habru,Amhara,ORG00000134,ORG00000139,2018,TEMF Import,5.6,1.3,"80,437",83831,14012,14462,1536,2473,,,,,230013
N. Wello,Raya Kobo,Amhara,ORG00000134,,2018,TEMF Import,10.4,1.1,"83,083",83377,13976,14877,1747,2732,,,,,246841
N. Wello,Kobo Town,Amhara,ORG00000134,ORG00000136,2018,TEMF Import,4.4,2.2,,,,,,,,,,,
N. Wello,Lalibella Town,Amhara,ORG00000134,ORG00000142,2018,TEMF Import,14.2,0.8,"6,561",7912,1419,1501,205,380,,,,,33975
N. Wello,Lasta,Amhara,ORG00000134,ORG00000138,2018,TEMF Import,24.5,1.7,"54,539",53911,7691,8187,967,1511,,,,,139038
N. Wello,Meket,Amhara,ORG00000134,ORG00000135,2018,TEMF Import,37.0,2.0,"75,795",79726,12448,14166,1365,2449,,,,,210602
N. Wello,Wadlla,Amhara,ORG00000134,ORG00000146,2018,TEMF Import,22.7,0.9,"50,177",54126,8425,9353,1021,1574,,,,,138553
N. Wello,Woldia,Amhara,ORG00000134,ORG00000145,2018,TEMF Import,1.0,1.3,,,,,,,,,,,
Oromiya,Artuma Fursi,Amhara,ORG00000149,ORG00000155,2018,TEMF Import,11.9,0.5,"36,250",39173,6582,6899,804,1737,,,,,104259
Oromiya,Bati,Amhara,ORG00000149,ORG00000153,2018,TEMF Import,7.6,0.7,"38,338",37600,6234,6493,740,1125,,,,,100273
Oromiya,Bati Town,Amhara,ORG00000149,ORG00000150,2018,TEMF Import,3.3,0.7,,,,,,,,,,,
Oromiya,Dawa chefa,Amhara,ORG00000149,ORG00000154,2018,TEMF Import,17.4,1.2,"53,531",58129,9039,9547,1084,2025,,,,,155133
Oromiya,Dawe Harwa,Amhara,ORG00000149,ORG00000151,2018,TEMF Import,37.4,1.3,"19,318",21069,3281,3664,352,720,,,,,51726
Oromiya,Jille Timuga,Amhara,ORG00000149,ORG00000152,2018,TEMF Import,9.0,0.9,"31,866",35456,6251,6581,781,1331,,,,,91684
Oromiya,Kemissie,Amhara,ORG00000149,ORG00000156,2018,TEMF Import,1.8,2.0,,,,,,,,,,,
S. Gonder,Andabet ,Amhara,ORG00000157,,2018,TEMF Import,37.0,2.6,"52,017",55260,8739,8505,1094,1861,,,,,148632
S. Gonder,Debre Tabor,Amhara,ORG00000157,ORG00000160,2018,TEMF Import,3.7,0.5,,,,,,,,,,,
S. Gonder,Dera,Amhara,ORG00000157,ORG00000169,2018,TEMF Import,14.7,0.9,"111,627",110369,17562,17704,1937,3536,,,,,300675
S. Gonder,Ebinat,Amhara,ORG00000157,ORG00000162,2018,TEMF Import,49.4,6.7,"74,663",76138,13479,13210,1416,2262,,,,,260634
S. Gonder,Estie (East Estie),Amhara,ORG00000157,ORG00000167,2018,TEMF Import,12.0,1.0,"100,308",97769,16090,15056,1866,2906,,,,,202001
S. Gonder,Farta,Amhara,ORG00000157,ORG00000158,2018,TEMF Import,32.6,8.9,"81,047",71576,12670,12270,1411,2345,,,,,206135
S. Gonder,Fogera,Amhara,ORG00000157,ORG00000168,2018,TEMF Import,35.6,4.4,"91,567",89602,15617,15737,1913,2997,,,,,267444
S. Gonder,Guna Begiemeder,Amhara,ORG00000157,,2018,TEMF Import,32.6,8.9,"40,333",37296,6688,6528,678,1175,,,,,
S. Gonder,Guna Begiemeder,Amhara,ORG00000157,,2018,TEMF Import,,,,,,,,,,,,,
S. Gonder,Lay Gaint,Amhara,ORG00000157,ORG00000166,2018,TEMF Import,47.7,4.9,"92,529",96847,13972,14610,2124,3908,,,,,244627
S. Gonder,Libo Kemkem,Amhara,ORG00000157,ORG00000164,2018,TEMF Import,35.8,4.6,"103,285",103396,16403,16416,2179,2196,,,,,271615
S. Gonder,Meketewa,Amhara,ORG00000157,,2018,TEMF Import,49.4,6.7,"23,655",20332,3548,3528,474,760,,,,,58236
S. Gonder,Meketewa,Amhara,ORG00000157,,2018,TEMF Import,,,,,,,,,,,,,
S. Gonder,Sedie Muja,Amhara,ORG00000157,,2018,TEMF Import,45.6,4.1,"36,423",38636,6336,6876,681,1051,,,,,92440
S. Gonder,Simada,Amhara,ORG00000157,ORG00000165,2018,TEMF Import,45.6,4.1,"67,940",69051,11998,12120,1294,2107,,,,,181614
S. Gonder,Tach Gaint,Amhara,ORG00000157,ORG00000161,2018,TEMF Import,35.7,6.3,"45,358",46086,7748,7978,953,1261,,,,,121654
S. Gonder,Woreta Town,Amhara,ORG00000157,ORG00000159,2018,TEMF Import,2.7,1.0,,,,,,,,,,,
S. Wello,Albuko,Amhara,ORG00000170,ORG00000182,2018,TEMF Import,3.5,0.5,,,,,,,,,,,
S. Wello,Ambasel,Amhara,ORG00000170,ORG00000179,2018,TEMF Import,2.0,3.1,,,,,,,,,,,
S. Wello,Argoba,Amhara,ORG00000170,ORG00000186,2018,TEMF Import,37.2,2.6,"15,219",15791,2571,2935,306,489,,,,,42197
S. Wello,Dalanta,Amhara,ORG00000170,ORG00000183,2018,TEMF Import,38.6,4.3,"54,898",58454,7404,8108,1517,1924,,,,,148967
S. Wello,Borena,Amhara,ORG00000170,,2018,TEMF Import,13.1,2.7,"72,372",73794,11058,11054,1323,1906,,,,,188858
S. Wello,Dessie Town,Amhara,ORG00000170,ORG00000191,2018,TEMF Import,1.9,2.0,,,,,,,,,,,
S. Wello,Dessie zuria,Amhara,ORG00000170,ORG00000190,2018,TEMF Import,5.8,0.9,"71,674",72143,11335,12130,1439,1890,,,,,186842
S. Wello,Jama,Amhara,ORG00000170,ORG00000185,2018,TEMF Import,38.3,2.4,"56,694",61969,8531,9872,1020,1951,,,,,151392
S. Wello,Kallu,Amhara,ORG00000170,ORG00000175,2018,TEMF Import,9.2,1.0,"81,889",86285,14921,16209,1644,2992,,,,,233318
S. Wello,Kelala,Amhara,ORG00000170,ORG00000174,2018,TEMF Import,35.7,1.7,"64,409",62918,10070,10175,1382,1838,,,,,165910
S. Wello,Kombolcha,Amhara,ORG00000170,ORG00000192,2018,TEMF Import,2.8,1.2,,,,,,,,,,,
S. Wello,Kutaber,Amhara,ORG00000170,ORG00000177,2018,TEMF Import,14.9,2.8,"42,409",40923,6767,7367,653,1081,,,,,111119
S. Wello,Lagambo,Amhara,ORG00000170,ORG00000187,2018,TEMF Import,10.2,1.8,"78,188",79846,11481,12023,1643,2144,,,,,204950
S. Wello,Lege hida,Amhara,ORG00000170,ORG00000172,2018,TEMF Import,33.7,1.7,"30,963",31425,4560,5131,573,962,,,,,80219
S. Wello,Mehal Sainet,Amhara,ORG00000170,ORG00000171,2018,TEMF Import,36.5,3.4,"33,364",34534,4938,5281,661,925,,,,,87722
S. Wello,Mekdela,Amhara,ORG00000170,ORG00000180,2018,TEMF Import,30.8,2.4,"67,137",67675,10199,11328,1277,2028,,,,,176898
S. Wello,Saint,Amhara,ORG00000170,ORG00000188,2018,TEMF Import,17.1,2.5,"67,061",67676,10853,11909,1221,1800,,,,,176796
S. Wello,Tehuledere,Amhara,ORG00000170,ORG00000173,2018,TEMF Import,2.7,2.3,,,,,,,,,,,
S. Wello,Tenta,Amhara,ORG00000170,ORG00000176,2018,TEMF Import,20.1,1.3,"73,765",76345,11766,12656,1446,2119,,,,,197672
S. Wello,Wegdy,Amhara,ORG00000170,ORG00000178,2018,TEMF Import,52.1,3.5,"57,077",59320,9668,9682,1221,1874,,,,,160762
S. Wello,Wereilu,Amhara,ORG00000170,ORG00000181,2018,TEMF Import,18.9,4.0,"43,976",45744,6844,7619,975,1387,,,,,122882
S. Wello,Worebabo,Amhara,ORG00000170,ORG00000184,2018,TEMF Import,36.6,3.2,"47,857",47462,7141,7288,1143,1510,,,,,131045
Wag Hemra,Abergele,Amhara,ORG00000193,ORG00000194,2018,TEMF Import,19.6,4.5,"23,682",23149,4309,4595,504,747,,,,,60029
Wag Hemra,Dehana,Amhara,ORG00000193,ORG00000200,2018,TEMF Import,55.3,3.4,"53,940",57334,8563,9292,1158,1777,,,,,142137
Wag Hemra,Gazgibla,Amhara,ORG00000193,ORG00000199,2018,TEMF Import,59.0,2.2,"15,136",10473,2513,2061,255,502,,,,,88595
Wag Hemra,Sekota town,Amhara,ORG00000193,ORG00000195,2018,TEMF Import,65.3,5.1,"5,891",7646,2115,2268,363,492,,,,,34524
Wag Hemra,Sekota Zuriya,Amhara,ORG00000193,ORG00000196,2018,TEMF Import,55.5,3.4,"30,948",32892,5112,5480,711,1049,,,,,105490
Wag Hemra,Shala Seyemt,Amhara,ORG00000193,ORG00000197,2018,TEMF Import,13.3,3.0,"13,072",13580,2421,2640,187,472,,,,,33438
Wag Hemra,Tsagebji,Amhara,ORG00000193,,2018,TEMF Import,55.5,3.4,,,,,,,,,,,
Wag Hemra,Ziquala,Amhara,ORG00000193,ORG00000198,2018,TEMF Import,16.5,3.2,"22,806",25075,3888,4371,440,731,,,,,59098
West Gojam,Bahi-dar Zurya,Amhara,ORG00000201,ORG00000214,2018,TEMF Import,23.9,5.0,"88,180",87467,13481,13492,1552,2510,,,,,232873
West Gojam,Bahirdar City,Amhara,ORG00000201,ORG00000202,2018,TEMF Import,12.3,3.4,"29,219",28880,4741,4878,599,1058,,,,,78211
West Gojam,Bure Town,Amhara,ORG00000201,ORG00000209,2018,TEMF Import,32.3,7.8,"14,281",15170,3458,3631,291,640,,,,,56277
West Gojam,Bure Zuria,Amhara,ORG00000201,ORG00000211,2018,TEMF Import,31.9,6.3,"36,501",37928,8490,9076,791,1715,,,,,133444
West Gojam,Dega Damot,Amhara,ORG00000201,ORG00000206,2018,TEMF Import,10.0,0.9,"63,122",60617,8999,9085,1244,2013,,,,,
West Gojam,Demibecha,Amhara,ORG00000201,ORG00000217,2018,TEMF Import,15.0,4.0,"64,110",64184,9854,9859,1137,1823,,,,,162930
West Gojam,Finote Selam,Amhara,ORG00000201,ORG00000213,2018,TEMF Import,4.8,2.7,,,,,,,,,,,
West Gojam,Gongi Kolela,Amhara,ORG00000201,ORG00000215,2018,TEMF Import,32.1,2.9,"39,677",36734,6145,5887,831,1286,,,,,129313
West Gojam,Jabi Tehinan,Amhara,ORG00000201,ORG00000203,2018,TEMF Import,14.0,2.0,"68,305",69052,10509,11191,1391,2519,,,,,227651
West Gojam,North Achefer,Amhara,ORG00000201,ORG00000207,2018,TEMF Import,18.8,3.4,"94,200",97054,15556,16245,1701,2895,,,,,257666
West Gojam,North Mecha ,Amhara,ORG00000201,,2018,TEMF Import,2.7,1.3,,,,,,,,,,,
West Gojam,Quarit,Amhara,ORG00000201,ORG00000216,2018,TEMF Import,12.0,1.4,"51,862",53905,8461,9177,1029,1776,,,,,140309
West Gojam,Sekala,Amhara,ORG00000201,ORG00000210,2018,TEMF Import,2.8,1.3,,,,,,,,,,,
West Gojam,South Achefer,Amhara,ORG00000201,ORG00000207,2018,TEMF Import,2.4,1.2,,,,,,,,,,,
West Gojam,South Mecha,Amhara,ORG00000201,,2018,TEMF Import,2.7,1.3,,,,,,,,,,,
West Gojam,Wonberma,Amhara,ORG00000201,ORG00000208,2018,TEMF Import,32.8,5.5,"41,030",42568,6491,7518,778,1465,,,,,131694
West Gojam,Yilimana Dnisa,Amhara,ORG00000201,ORG00000204,2018,TEMF Import,10.8,2.6,"73,813",75836,9854,10760,1592,3011,,,,,281516
Asosa,Asossa,Beneshangul Gumuz,ORG00000219,ORG00000227,2018,TEMF Import,2.8,0.9,,,,,,,,,,,
Asosa,Assosa Town,Beneshangul Gumuz,ORG00000219,ORG00000220,2018,TEMF Import,,,,,,,,,,,,,
Asosa,Bambasi,Beneshangul Gumuz,ORG00000219,ORG00000224,2018,TEMF Import,3.3,1.7,,,,,,,,,,,
Asosa,Homosha,Beneshangul Gumuz,ORG00000219,ORG00000225,2018,TEMF Import,2.2,0.9,,,,,,,,,,,29876
Asosa,Kurmuke,Beneshangul Gumuz,ORG00000219,ORG00000221,2018,TEMF Import,2.2,0.9,,,,,,,,,,,22993
Asosa,Menge,Beneshangul Gumuz,ORG00000219,ORG00000222,2018,TEMF Import,2.2,0.9,,,,,,,,,,,55291
Asosa,Oda bildigilu,Beneshangul Gumuz,ORG00000219,ORG00000223,2018,TEMF Import,3.3,1.7,,,,,,,,,,,
Asosa,Sherkole,Beneshangul Gumuz,ORG00000219,ORG00000226,2018,TEMF Import,2.2,0.9,,,,,,,,,,,33909
Kamashi,Agalometi,Beneshangul Gumuz,ORG00000228,ORG00000231,2018,TEMF Import,1.7,0.7,,,,,,,,,,,
Kamashi,Belo Jegonfoy,Beneshangul Gumuz,ORG00000228,ORG00000233,2018,TEMF Import,1.7,0.7,,,,,,,,,,,
Kamashi,Kamashi,Beneshangul Gumuz,ORG00000228,ORG00000230,2018,TEMF Import,1.7,0.7,,,,,,,,,,,
Kamashi,Sedal (Sirba Abay),Beneshangul Gumuz,ORG00000228,ORG00000229,2018,TEMF Import,1.7,0.7,,,,,,,,,,,
Kamashi,Yasso,Beneshangul Gumuz,ORG00000228,ORG00000232,2018,TEMF Import,1.7,0.7,,,,,,,,,,,
Metekel,Bullen,Beneshangul Gumuz,ORG00000234,ORG00000237,2018,TEMF Import,15.2,1.1,"23,086",22967,4154,4205,978,447,,,,,62549
Metekel,Dangure,Beneshangul Gumuz,ORG00000234,ORG00000235,2018,TEMF Import,4.7,0.4,,,,,,,,,,,66690
Metekel,Dibate,Beneshangul Gumuz,ORG00000234,ORG00000239,2018,TEMF Import,15.2,1.1,"37,618",37596,6322,6446,1370,511,,,,,91583
Metekel,Guba,Beneshangul Gumuz,ORG00000234,ORG00000238,2018,TEMF Import,4.7,0.4,,,,,,,,,,,20483
Metekel,Mandura,Beneshangul Gumuz,ORG00000234,ORG00000236,2018,TEMF Import,17.6,2.5,"26,141",27410,4568,4716,897,513,,,,,55986
Metekel,Pawe,Beneshangul Gumuz,ORG00000234,ORG00000241,2018,TEMF Import,17.6,2.5,"22,154",21309,2965,3041,804,306,,,,,62589
Metekel,Wombera,Beneshangul Gumuz,ORG00000234,ORG00000240,2018,TEMF Import,4.7,0.4,,,,,,,,,,,82441
Refugee Camp,Bambasi Camp,Beneshangul Gumuz,ORG00000242,,2018,TEMF Import,22.3,0.2,,,,,,,,,,,
Refugee Camp,Sherkole Camp,Beneshangul Gumuz,ORG00000242,,2018,TEMF Import,,0.4,,,,,,,,,,,11856
Refugee Camp,Tongo Camp,Beneshangul Gumuz,ORG00000242,,2018,TEMF Import,22.3,0.2,,,,,,,,,,,
Refugee Camp,Tsore Camp,Beneshangul Gumuz,ORG00000242,,2018,TEMF Import,,0.9,,,,,,,,,,,11253
Tongo Sp. Wereda,MaoKomo,Beneshangul Gumuz,ORG00000254,ORG00000255,2018,TEMF Import,3.3,1.7,,,,,,,,,,,
Agnua II,Abobo,Gambella,ORG00000268,ORG00000270,2018,TEMF Import,12.5,1.3,"8,425",8425,1085,1085,229,229,,,,,33553
Agnua II,Dimma,Gambella,ORG00000268,ORG00000271,2018,TEMF Import,11.5,0.8,"8,987",8987,1169,1169,242,242,,,,,28216
Agnua II,Gambella,Gambella,ORG00000268,ORG00000269,2018,TEMF Import,12.5,1.3,"6,798",6798,1195,1195,159,159,,,,,15655
Agnua II,Gog,Gambella,ORG00000268,ORG00000273,2018,TEMF Import,11.5,0.8,"6,639",6639,1355,1355,266,266,,,,,32848
Agnua II,Jor,Gambella,ORG00000268,ORG00000272,2018,TEMF Import,19.3,2.4,"5,479",5479,797,797,129,129,,,,,13106
Gambella,Gambela Town,Gambella,ORG00000274,ORG00000275,2018,TEMF Import,,,,,,,,,,,,,
Itang,Itang,Gambella,ORG00000276,ORG00000277,2018,TEMF Import,12.5,1.3,"21,260",21260,3074,3074,510,510,,,,,53412
Mejang,Godere,Gambella,ORG00000278,ORG00000280,2018,TEMF Import,11.5,0.8,"17,840",17840,2595,2595,406,406,,,,,63332
Mejang,Mengeshi,Gambella,ORG00000278,ORG00000279,2018,TEMF Import,11.5,0.8,"13,568",13568,1949,1949,407,407,,,,,41863
Nuer II,Akobo,Gambella,ORG00000281,ORG00000284,2018,TEMF Import,19.3,2.4,"14,583",14583,2195,2195,229,229,,,,,36485
Nuer II,Jikawo,Gambella,ORG00000281,ORG00000285,2018,TEMF Import,19.3,2.4,"11,063",11063,1440,1440,270,270,,,,,27687
Nuer II,Lare,Gambella,ORG00000281,ORG00000286,2018,TEMF Import,12.5,1.3,"18,181",18181,2453,2453,372,372,,,,,48479
Nuer II,Makoy,Gambella,ORG00000281,ORG00000282,2018,TEMF Import,19.3,2.4,"9,388",9388,1642,1642,225,225,,,,,23585
Nuer II,Wanthuwa,Gambella,ORG00000281,ORG00000283,2018,TEMF Import,19.3,2.4,"10,484",10484,1752,1752,156,156,,,,,31009
Refugee Camp,Jewi Camp,Gambella,ORG00000287,ORG00000295,2018,TEMF Import,22.3,0.2,"15,171",15171,2996,2996,557,557,,,,,59446
Refugee Camp,Kule Camp,Gambella,ORG00000287,ORG00000297,2018,TEMF Import,22.3,0.2,"14,004",14004,2880,2880,525,525,,,,,53581
Refugee Camp,Nguenyiel,Gambella,ORG00000287,ORG00000298,2018,TEMF Import,,,"32,088",32088,6529,6529,817,817,,,,,98000
Refugee Camp,Okugo Camp,Gambella,ORG00000287,ORG00000294,2018,TEMF Import,22.3,0.2,"1,578",1578,336,336,68,68,,,,,10385
Refugee Camp,Pugnido Camp,Gambella,ORG00000287,ORG00000293,2018,TEMF Import,22.3,0.2,"23,175",23175,4116,4116,452,452,,,,,66577
Refugee Camp,Pugnido II Camp,Gambella,ORG00000287,ORG00000293,2018,TEMF Import,22.3,0.2,"5,645",5645,1245,1245,173,173,,,,,17500
Refugee Camp,Tierkidi Camp,Gambella,ORG00000287,ORG00000296,2018,TEMF Import,22.3,0.2,"20,056",20056,2502,2502,803,803,,,,,72653
Arsi,Amigna,Oromia,ORG00000312,ORG00000321,2018,TEMF Import,28.6,0.3,"40,825",40825,6746,6746,1609,1609,,,64,20,101618
Arsi,Aseko,Oromia,ORG00000312,ORG00000323,2018,TEMF Import,23.9,0.9,"41,216",41216,7890,7890,1160,1160,,,81,12,116627
Arsi,Assela Town,Oromia,ORG00000312,ORG00000316,2018,TEMF Import,,,0,0,0,0,0,0,,,,,
Arsi,Bale,Oromia,ORG00000312,ORG00000319,2018,TEMF Import,28.6,0.3,"34,212",34212,7325,7325,1177,1177,,,5,5,100065
Arsi,Bekoji Town,Oromia,ORG00000312,ORG00000317,2018,TEMF Import,,,,0,0,0,0,0,,,,,
Arsi,Chole,Oromia,ORG00000312,ORG00000324,2018,TEMF Import,23.9,0.9,"44,147",44147,6612,6612,1487,1487,,,196,69,123686
Arsi,Digelu & Tijo,Oromia,ORG00000312,ORG00000322,2018,TEMF Import,20.1,0.8,"67,480",67480,13660,13660,3726,3726,,,24,11,190558
Arsi,Diksis,Oromia,ORG00000312,ORG00000318,2018,TEMF Import,29.2,0.7,"37,994",37994,9379,9379,1068,1068,,,8,0,112487
Arsi,Dodota,Oromia,ORG00000312,ORG00000326,2018,TEMF Import,29.2,0.7,"31,248",31248,7682,7682,925,925,,,2,0,91608
Arsi,Enkelo Wabe,Oromia,ORG00000312,ORG00000320,2018,TEMF Import,20.1,0.8,"26,733",26733,5393,5393,889,889,,,17,7,79233
Arsi,Gololcha,Oromia,ORG00000312,ORG00000338,2018,TEMF Import,23.9,0.9,"57,624",57624,9612,9612,1376,1376,,,150,48,145585
Arsi,Guna,Oromia,ORG00000312,ORG00000313,2018,TEMF Import,23.9,0.9,"39,633",39633,6835,6835,1211,1211,,,107,17,105742
Arsi,Hetosa,Oromia,ORG00000312,ORG00000325,2018,TEMF Import,23.1,1.3,"67,605",67605,11622,11622,1701,1701,,,68,22,145458
Arsi,Jeju,Oromia,ORG00000312,ORG00000337,2018,TEMF Import,29.2,0.7,"49,986",49986,12440,12440,700,700,,,104,30,151252
Arsi,Limuna bilbilo,Oromia,ORG00000312,ORG00000315,2018,TEMF Import,20.1,0.8,"68,347",68347,17736,17736,2482,2482,,,7,6,219210
Arsi,Lode hetosa,Oromia,ORG00000312,ORG00000335,2018,TEMF Import,20.1,0.8,"54,646",54646,8184,8184,1461,1461,,,14,8,145458
Arsi,Merti,Oromia,ORG00000312,ORG00000333,2018,TEMF Import,23.9,0.9,"44,453",44453,12341,12341,1347,1347,,,113,77,127199
Arsi,Munesa,Oromia,ORG00000312,ORG00000332,2018,TEMF Import,23.1,1.3,"83,565",83565,13940,13940,3742,3742,,,38,20,237852
Arsi,Robe,Oromia,ORG00000312,ORG00000314,2018,TEMF Import,28.6,0.3,"75,547",75547,17223,17223,2441,2441,,,50,11,231357
Arsi,Seru,Oromia,ORG00000312,ORG00000330,2018,TEMF Import,28.6,0.3,"26,002",26002,4263,4263,642,642,,,70,3,66614
Arsi,Shanan Kolu,Oromia,ORG00000312,ORG00000339,2018,TEMF Import,23.9,0.9,"36,895",36895,7087,7087,983,983,,,69,22,96511
Arsi,Shirka,Oromia,ORG00000312,ORG00000328,2018,TEMF Import,28.6,0.3,"81,402",81402,18702,18702,2223,2223,,,124,40,226948
Arsi,Sire,Oromia,ORG00000312,ORG00000336,2018,TEMF Import,29.2,0.7,"39,629",39629,8654,8654,1548,1548,,,45,25,108475
Arsi,Sude,Oromia,ORG00000312,ORG00000327,2018,TEMF Import,29.2,0.7,"72,890",72890,13088,13088,2114,2114,,,187,62,204141
Arsi,Tena,Oromia,ORG00000312,ORG00000334,2018,TEMF Import,20.1,0.8,"32,302",32302,6757,6757,851,851,,,22,9,92347
Arsi,Tiyo,Oromia,ORG00000312,ORG00000329,2018,TEMF Import,23.1,1.3,"42,997",42997,7150,7150,1152,1152,,,212,140,120177
Arsi,Zuway dugda,Oromia,ORG00000312,ORG00000331,2018,TEMF Import,23.1,1.3,"52,819",52819,12147,12147,1858,1858,,,220,72,145301
Bale,Agarfa,Oromia,ORG00000340,ORG00000345,2018,TEMF Import,41.6,0.3,"52,594",52594,11060,11060,1912,1912,,,101,38,139538
Bale,Barbare,Oromia,ORG00000340,ORG00000351,2018,TEMF Import,38.4,0.7,"41,051",41051,10540,10540,1670,1670,,,133,39,119397
Bale,Dawe Kachen,Oromia,ORG00000340,ORG00000352,2018,TEMF Import,40.3,1.5,"17,178",17178,3984,3984,575,575,,,92,10,41599
Bale,Dawe sarar,Oromia,ORG00000340,ORG00000346,2018,TEMF Import,40.3,1.5,"16,803",16803,4041,4041,1067,1067,,,3,1,56428
Bale,Delo Mena,Oromia,ORG00000340,ORG00000358,2018,TEMF Import,38.4,0.7,"45,368",45368,11592,11592,1028,1028,,,21,6,118971
Bale,Dinsho,Oromia,ORG00000340,ORG00000347,2018,TEMF Import,41.6,0.3,"19,411",19411,4811,4811,1050,1050,,,126,33,51624
Bale,Gasara,Oromia,ORG00000340,ORG00000355,2018,TEMF Import,41.6,0.3,"36,859",36859,7285,7285,1141,1141,,,41,7,103020
Bale,Ginir,Oromia,ORG00000340,ORG00000353,2018,TEMF Import,40.3,1.5,"55,915",55915,14223,14223,1772,1772,,,480,92,160455
Bale,Ginir Town,Oromia,ORG00000340,BhTPDLSPFsy,2018,TEMF Import,,,0,0,0,0,0,0,,,,,
Bale,Goba,Oromia,ORG00000340,ORG00000354,2018,TEMF Import,41.6,0.3,"20,958",20958,3698,3698,511,511,,,23,11,54802
Bale,Goba Town,Oromia,ORG00000340,ORG00000342,2018,TEMF Import,,,0,0,0,0,0,0,,,,,
Bale,Gololcha,Oromia,ORG00000340,ORG00000359,2018,TEMF Import,40.3,1.5,"52,315",52315,8852,8852,1366,1366,,,144,23,136556
Bale,Goro,Oromia,ORG00000340,ORG00000360,2018,TEMF Import,40.3,1.5,"44,454",44454,7963,7963,1069,1069,,,217,48,113226
Bale,Gura Dhamole,Oromia,ORG00000340,ORG00000348,2018,TEMF Import,38.4,0.7,"16,857",16857,3316,3316,478,478,,,142,30,38058
Bale,Harana Buluk,Oromia,ORG00000340,ORG00000357,2018,TEMF Import,38.4,0.7,"59,198",59198,8372,8372,2094,2094,,,164,88,133338
Bale,Lege Hida,Oromia,ORG00000340,ORG00000343,2018,TEMF Import,40.3,1.5,"40,560",40560,6832,6832,976,976,,,149,19,82037
Bale,Mada Walabu,Oromia,ORG00000340,ORG00000349,2018,TEMF Import,38.4,0.7,"55,780",55780,22304,22304,3026,3026,,,151,18,152073
Bale,Rayitu,Oromia,ORG00000340,ORG00000356,2018,TEMF Import,40.3,1.5,"17,670",17670,3071,3071,438,438,,,72,21,45155
Bale,Robe Town,Oromia,ORG00000340,ORG00000344,2018,TEMF Import,,,0,0,0,0,0,0,,,,,
Bale,Sawena,Oromia,ORG00000340,ORG00000341,2018,TEMF Import,40.3,1.5,"38,260",38260,8196,8196,1622,1622,,,198,42,92559
Bale,Sinana,Oromia,ORG00000340,ORG00000350,2018,TEMF Import,41.6,0.3,"53,292",53292,12115,12115,2848,2848,,,33,8,159463
Borena,Arero,Oromia,ORG00000361,ORG00000373,2018,TEMF Import,28.4,0.9,"18,307",18307,5234,5234,719,719,,,52,10,47564
Borena,Dhas,Oromia,ORG00000361,ORG00000371,2018,TEMF Import,28.4,0.9,"9,232",9232,2185,2185,348,348,,,14,3,22449
Borena,Dillo,Oromia,ORG00000361,ORG00000367,2018,TEMF Import,42.7,0.6,"9,780",9780,2665,2665,882,882,,,43,41,28174
Borena,Dire,Oromia,ORG00000361,ORG00000366,2018,TEMF Import,28.4,0.9,"15,150",15150,3170,3170,563,563,,,24,10,49164
Borena,Dubluk,Oromia,ORG00000361,ORG00000368,2018,TEMF Import,28.4,0.9,"11,646",11646,2297,2297,326,326,,,49,21,30323
Borena,Eliwaye,Oromia,ORG00000361,ORG00000370,2018,TEMF Import,28.4,0.9,"18,897",18897,3495,3495,726,726,,,37,21,49924
Borena,Gomole,Oromia,ORG00000361,ORG00000376,2018,TEMF Import,28.4,0.9,"17,126",17126,4844,4844,529,529,,,28,6,53086
Borena,Guchi,Oromia,ORG00000361,ORG00000372,2018,TEMF Import,28.4,0.9,"7,132",7132,3109,3109,971,971,,,,,110178.117
Borena,Miyo,Oromia,ORG00000361,ORG00000363,2018,TEMF Import,28.4,0.9,"27,269",27269,5066,5066,806,806,,,59,45,70992
Borena,Moyale,Oromia,ORG00000361,ORG00000365,2018,TEMF Import,28.4,0.9,"67,380",67380,10519,10519,1414,1414,,,17,8,170894
Borena,Teltele,Oromia,ORG00000361,ORG00000369,2018,TEMF Import,28.4,0.9,"32,108",32108,5974,5974,797,797,,,55,31,81262
Borena,Wachile,Oromia,ORG00000361,ORG00000374,2018,TEMF Import,28.4,0.9,"9,888",9888,3084,3084,785,785,,,5,7,46993
Borena,Yabello Town,Oromia,ORG00000361,ORG00000362,2018,TEMF Import,,,,,,,,,,,,,
Borena,Yabelo,Oromia,ORG00000361,ORG00000375,2018,TEMF Import,28.4,0.9,"17,556",17556,4374,4374,628,628,,,39,18,45889
Buno Bedele,Bedele Rural,Oromia,ORG00000377,ORG00000382,2018,TEMF Import,16.1,1.1,"42,676",42676,6632,6632,1156,1156,,,129,38,101515
Buno Bedele,Bedele Town,Oromia,ORG00000377,ORG00000386,2018,TEMF Import,,,0,0,0,0,0,0,,,,,
Buno Bedele,Borecha,Oromia,ORG00000377,ORG00000387,2018,TEMF Import,21.2,1.1,"41,211",41211,6534,6534,1253,1253,,,56,29,99581
Buno Bedele,Chewaka,Oromia,ORG00000377,ORG00000381,2018,TEMF Import,16.1,1.1,"30,182",30182,6001,6001,1016,1016,,,61,15,75622
Buno Bedele,Chora,Oromia,ORG00000377,ORG00000378,2018,TEMF Import,16.1,1.1,"55,638",55638,9333,9333,1810,1810,,,111,57,136480
Buno Bedele,Dabo Hana,Oromia,ORG00000377,ORG00000383,2018,TEMF Import,16.1,1.1,"23,748",23748,3511,3511,567,567,,,45,29,54650
Buno Bedele,Dega,Oromia,ORG00000377,ORG00000379,2018,TEMF Import,16.1,1.1,"20,430",20430,2581,2581,520,520,,,45,22,53591
Buno Bedele,Diediesa,Oromia,ORG00000377,ORG00000380,2018,TEMF Import,21.2,1.1,"44,132",44132,7050,7050,949,949,,,206,71,115176
Buno Bedele,Gechi,Oromia,ORG00000377,ORG00000385,2018,TEMF Import,3.9,0.5,0,0,0,0,0,0,,,111,69,
Buno Bedele,Meko,Oromia,ORG00000377,ORG00000384,2018,TEMF Import,16.1,1.1,"7,329",7329,1512,1512,259,259,,,39,12,29582
E. Harerge,Aweday Town,Oromia,ORG00000388,ORG00000390,2018,TEMF Import,,,,,,,,,,,,,
E. Harerge,Babile,Oromia,ORG00000388,ORG00000409,2018,TEMF Import,41.8,1.1,"39,731",39731,6558,6558,937,937,,,151,27,103018
E. Harerge,Babile Town,Oromia,ORG00000388,ORG00000410,2018,TEMF Import,41.8,1.1,"12,704",12704,2940,2940,345,345,,,,,32705
E. Harerge,Bedeno,Oromia,ORG00000388,ORG00000396,2018,TEMF Import,30.4,1.1,"126,575",126575,29653,29653,3394,3394,,,605,128,330982
E. Harerge,Chinaksen,Oromia,ORG00000388,ORG00000394,2018,TEMF Import,41.8,1.1,"47,752",47752,7799,7799,1219,1219,,,83,12,115835
E. Harerge,Deder,Oromia,ORG00000388,ORG00000402,2018,TEMF Import,30.4,1.1,"133,174",133174,22196,22196,3171,3171,,,109,19,318736
E. Harerge,Deder Town,Oromia,ORG00000388,ORG00000391,2018,TEMF Import,,,0,0,0,0,0,0,,,,,
E. Harerge,Fedis,Oromia,ORG00000388,ORG00000398,2018,TEMF Import,46.1,1.7,"63,388",63388,10805,10805,1665,1665,,,354,47,156715
E. Harerge,Gola oda,Oromia,ORG00000388,ORG00000403,2018,TEMF Import,46.1,1.7,"42,164",42164,7969,7969,1689,1689,,,276,61,107883
E. Harerge,Goro gutu,Oromia,ORG00000388,ORG00000399,2018,TEMF Import,34.2,1.4,"80,704",80704,16180,16180,2056,2056,,,386,83,189775
E. Harerge,Goro Muti,Oromia,ORG00000388,ORG00000412,2018,TEMF Import,34.2,1.4,"43,620",43620,11387,11387,1567,1567,,,229,52,110411
E. Harerge,Gurawa,Oromia,ORG00000388,ORG00000401,2018,TEMF Import,46.1,1.7,"122,483",122483,28940,28940,3122,3122,,,481,107,314834
E. Harerge,Gursum,Oromia,ORG00000388,ORG00000405,2018,TEMF Import,41.8,1.1,"84,083",84083,14663,14663,2090,2090,,,51,12,212364
E. Harerge,Haromaya,Oromia,ORG00000388,ORG00000395,2018,TEMF Import,8.1,0.6,"120,685",120685,26078,26078,3275,3275,,,214,32,305908
E. Harerge,Haromaya Town,Oromia,ORG00000388,ORG00000392,2018,TEMF Import,,,0,0,0,0,0,0,,,,,
E. Harerge,Jarso,Oromia,ORG00000388,ORG00000406,2018,TEMF Import,41.8,1.1,"59,665",59665,12754,12754,2018,2018,,,17,3,157515
E. Harerge,Kersa,Oromia,ORG00000388,ORG00000407,2018,TEMF Import,34.2,1.4,"91,782",91782,19142,19142,2313,2313,,,193,24,238376
E. Harerge,Kombolcha,Oromia,ORG00000388,ORG00000408,2018,TEMF Import,4.2,0.3,0,0,0,0,0,0,,,170,33,196068
E. Harerge,Kurfacale,Oromia,ORG00000388,ORG00000389,2018,TEMF Import,7.9,0.7,"29,684",29684,9464,9464,708,708,,,89,20,77677
E. Harerge,Melka balo,Oromia,ORG00000388,ORG00000400,2018,TEMF Import,30.4,1.1,"92,291",92291,17674,17674,2751,2751,,,129,32,240177
E. Harerge,Meta,Oromia,ORG00000388,ORG00000411,2018,TEMF Import,34.2,1.4,"101,963",101963,16994,16994,2965,2965,,,334,60,240812
E. Harerge,Meyu,Oromia,ORG00000388,ORG00000397,2018,TEMF Import,46.1,1.7,"24,227",24227,4327,4327,624,624,,,158,29,60921
E. Harerge,Midhaga Tola,Oromia,ORG00000388,ORG00000393,2018,TEMF Import,46.1,1.7,"41,105",41105,7288,7288,923,923,,,196,37,99341
E. Harerge,Qumbi,Oromia,ORG00000388,ORG00000404,2018,TEMF Import,37.6,1.0,"20,501",20501,2015,2015,580,580,,,12,5,65810
E. Shewa,Adama,Oromia,ORG00000413,ORG00000426,2018,TEMF Import,29.1,1.1,"77,622",77622,11265,11265,2334,2334,,,177,80,188986
E. Shewa,Adama Town,Oromia,ORG00000413,ORG00000415,2018,TEMF Import,,,0,0,0,0,0,0,,,,,
E. Shewa,Adami Tulu,Oromia,ORG00000413,ORG00000420,2018,TEMF Import,6.1,0.5,0,0,0,0,0,0,,,129,43,208593
E. Shewa,Adea,Oromia,ORG00000413,ORG00000414,2018,TEMF Import,36.3,1.5,"53,917",53917,10162,10162,1597,1597,,,241,123,142764
E. Shewa,Batu Town,Oromia,ORG00000413,ORG00000416,2018,TEMF Import,,,0,0,0,0,0,0,,,,,
E. Shewa,Bishoftu Town,Oromia,ORG00000413,ORG00000417,2018,TEMF Import,,,0,0,0,0,0,0,,,,,
E. Shewa,Bora,Oromia,ORG00000413,ORG00000421,2018,TEMF Import,35.4,2.0,"30,925",30925,5774,5774,771,771,,,174,58,77094
E. Shewa,Boset,Oromia,ORG00000413,ORG00000427,2018,TEMF Import,30.8,0.9,"72,893",72893,14092,14092,2246,2246,,,96,24,195686
E. Shewa,Dugda,Oromia,ORG00000413,ORG00000425,2018,TEMF Import,33.9,1.3,"39,299",39299,13504,13504,1351,1351,,,246,82,129523
E. Shewa,Fentale,Oromia,ORG00000413,ORG00000424,2018,TEMF Import,10.1,1.7,"24,915",24915,7918,7918,852,852,,,124,33,82314
E. Shewa,Gimbichu,Oromia,ORG00000413,ORG00000422,2018,TEMF Import,36.3,1.5,"44,204",44204,8879,8879,1088,1088,,,115,70,117948
E. Shewa,Liben,Oromia,ORG00000413,ORG00000428,2018,TEMF Import,36.3,1.5,"41,773",41773,7173,7173,996,996,,,213,142,103171
E. Shewa,Lume,Oromia,ORG00000413,,2018,TEMF Import,12.5,1.7,"47,042",47042,7254,7254,1547,1547,,,94,47,115936
E. Shewa,Metahara,Oromia,ORG00000413,ORG00000418,2018,TEMF Import,,,,,,,,,,,,,
E. Shewa,Mojo,Oromia,ORG00000413,ORG00000419,2018,TEMF Import,,,,,,,,,,,,,
E. Wellega,Boneya Bushe,Oromia,ORG00000431,ORG00000433,2018,TEMF Import,0.9,0.2,"20,993",20993,4359,4359,2040,2040,,,20,4,64859
E. Wellega,Diga,Oromia,ORG00000431,ORG00000430,2018,TEMF Import,0.6,0.4,"36,441",36441,5732,5732,1135,1135,,,30,10,88556
E. Wellega,Ebantu,Oromia,ORG00000431,ORG00000448,2018,TEMF Import,42.5,1.1,"17,992",17992,3259,3259,481,481,,,59,32,50323
E. Wellega,Gida Ayyana,Oromia,ORG00000431,ORG00000442,2018,TEMF Import,42.5,1.1,"54,013",54013,11424,11424,1358,1358,,,99,39,147970
E. Wellega,Gubu Sayo,Oromia,ORG00000431,ORG00000446,2018,TEMF Import,0.6,0.4,"20,181",20181,4112,4112,736,736,,,17,4,54392
E. Wellega,Gudaya Bila,Oromia,ORG00000431,ORG00000443,2018,TEMF Import,0.6,0.4,"25,088",25088,5242,5242,1240,1240,,,0,0,74621
E. Wellega,Guto Gida,Oromia,ORG00000431,ORG00000445,2018,TEMF Import,1.0,0.7,"38,838",38838,6552,6552,1790,1790,,,6,1,120889
E. Wellega,Haro Limu,Oromia,ORG00000431,ORG00000440,2018,TEMF Import,42.5,1.1,"27,214",27214,4370,4370,731,731,,,0,0,71408
E. Wellega,Jima Arjo,Oromia,ORG00000431,ORG00000439,2018,TEMF Import,0.3,1.4,"41,295",41295,6576,6576,1253,1253,,,46,8,114355
E. Wellega,Kiremu,Oromia,ORG00000431,ORG00000434,2018,TEMF Import,42.5,1.1,"29,647",29647,3434,3434,794,794,,,70,22,74824
E. Wellega,Leka Dulecha,Oromia,ORG00000431,ORG00000441,2018,TEMF Import,2.6,2.2,"33,973",33973,7135,7135,916,916,,,0,0,97592
E. Wellega,Limu,Oromia,ORG00000431,ORG00000438,2018,TEMF Import,42.5,1.1,"30,701",30701,6002,6002,1388,1388,,,3,4,98185
E. Wellega,Nekemte Town,Oromia,ORG00000431,ORG00000435,2018,TEMF Import,,,,,,,,,,,,,
E. Wellega,Nunu Kumba,Oromia,ORG00000431,ORG00000432,2018,TEMF Import,2.0,0.6,"30,944",30944,5790,5790,901,901,,,53,20,87938
E. Wellega,Sasiga,Oromia,ORG00000431,ORG00000436,2018,TEMF Import,18.3,0.5,"37,444",37444,7873,7873,1263,1263,,,33,17,109110
E. Wellega,Sibu Sire,Oromia,ORG00000431,ORG00000437,2018,TEMF Import,1.5,0.6,"52,673",52673,11010,11010,2032,2032,,,26,9,139234
E. Wellega,Wama Hagalo,Oromia,ORG00000431,ORG00000447,2018,TEMF Import,0.9,0.3,"23,536",23536,7260,7260,948,948,,,4,2,64163
E. Wellega,Wayu Tuka,Oromia,ORG00000431,ORG00000444,2018,TEMF Import,0.7,1.1,"31,877",31877,5211,5211,923,923,,,13,3,84953
Finfine Zuriya,Akaki,Oromia,ORG00000449,ORG00000460,2018,TEMF Import,29.8,0.7,"30,900",30900,7611,7611,1013,1013,,,49,24,83335
Finfine Zuriya,Bereh,Oromia,ORG00000449,ORG00000451,2018,TEMF Import,5.6,0.1,,,,,,,,,,,
Finfine Zuriya,Burayu Town,Oromia,ORG00000449,ORG00000452,2018,TEMF Import,,,,,,,,,,,,,
Finfine Zuriya,Dukem Town,Oromia,ORG00000449,ORG00000453,2018,TEMF Import,,,,,,,,,,,,,
Finfine Zuriya,Gelan Town,Oromia,ORG00000449,ORG00000454,2018,TEMF Import,,,,,,,,,,,,,
Finfine Zuriya,Holota,Oromia,ORG00000449,ORG00000455,2018,TEMF Import,,,,,,,,,,,,,
Finfine Zuriya,Legetafo Town,Oromia,ORG00000449,ORG00000456,2018,TEMF Import,,,,,,,,,,,,,
Finfine Zuriya,Mulo,Oromia,ORG00000449,ORG00000461,2018,TEMF Import,5.6,0.1,,,,,,,,,,,
Finfine Zuriya,Sebata Awas,Oromia,ORG00000449,ORG00000462,2018,TEMF Import,14.1,0.6,,,,,,,,,,,
Finfine Zuriya,Sebeta Town,Oromia,ORG00000449,ORG00000457,2018,TEMF Import,,,,,,,,,,,,,
Finfine Zuriya,Sendafa,Oromia,ORG00000449,ORG00000458,2018,TEMF Import,,,,,,,,,,,,,
Finfine Zuriya,Sululta,Oromia,ORG00000449,ORG00000463,2018,TEMF Import,6.4,0.2,,,,,,,,,,,
Finfine Zuriya,Sululta Town,Oromia,ORG00000449,ORG00000459,2018,TEMF Import,,,,,,,,,,,,,
Finfine Zuriya,Welmera,Oromia,ORG00000449,ORG00000450,2018,TEMF Import,7.1,0.3,,,,,,,,,,,
Guji,Adola Town,Oromia,ORG00000464,ORG00000466,2018,TEMF Import,,,,,,,,,,,,,
Guji,Adola Rede,Oromia,ORG00000464,,2018,TEMF Import,35.4,0.9,"57,485",57485,16423,16423,1664,1664,,,67,41,162828
Guji,Aga Wayu,Oromia,ORG00000464,ORG00000478,2018,TEMF Import,24.4,0.0,"18,398",18398,5174,5174,753,753,,,0,0,58171
Guji,Anna Soraa,Oromia,ORG00000464,ORG00000468,2018,TEMF Import,24.4,0.0,"55,638",55638,13643,13643,1943,1943,,,0,0,142353
Guji,Bore,Oromia,ORG00000464,ORG00000473,2018,TEMF Import,29.5,0.3,"64,919",64919,11989,11989,1677,1677,,,1,0,166051
Guji,Dama,Oromia,ORG00000464,ORG00000472,2018,TEMF Import,24.4,0.0,"36,822",36822,6838,6838,905,905,,,0,0,92443
Guji,Girja,Oromia,ORG00000464,ORG00000471,2018,TEMF Import,29.5,0.3,"29,273",29273,9546,9546,1687,1687,,,25,5,84780
Guji,Goro Dola,Oromia,ORG00000464,ORG00000469,2018,TEMF Import,24.4,0.0,"42,188",42188,12301,12301,2597,2597,,,80,19,120634
Guji,Gumi Eldalo,Oromia,ORG00000464,ORG00000475,2018,TEMF Import,35.4,0.9,"10,085",10085,2300,2300,254,254,,,0,0,26173
Guji,Haro Wolabu,Oromia,ORG00000464,ORG00000476,2018,TEMF Import,29.5,0.3,"37,090",37090,7510,7510,1470,1470,,,0,0,86980
Guji,Liben,Oromia,ORG00000464,ORG00000474,2018,TEMF Import,35.4,0.9,"32,621",32621,7950,7950,1595,1595,,,41,23,86349
Guji,Negele town,Oromia,ORG00000464,ORG00000470,2018,TEMF Import,,,0,0,0,0,0,0,,,,,
Guji,Odo Shakiso,Oromia,ORG00000464,ORG00000480,2018,TEMF Import,35.0,0.9,"47,191",47191,17817,17817,2400,2400,,,69,38,168921
Guji,Seba Boru,Oromia,ORG00000464,ORG00000477,2018,TEMF Import,24.4,0.0,"30,590",30590,9356,9356,1733,1733,,,5,1,81006
Guji,Shakiso Town,Oromia,ORG00000464,ORG00000481,2018,TEMF Import,,,0,0,0,0,0,0,,,,,
Guji,Uraga,Oromia,ORG00000464,ORG00000479,2018,TEMF Import,29.5,0.3,"58,409",58409,13768,13768,2378,2378,,,1,1,161810
Guji,Wadera,Oromia,ORG00000464,ORG00000465,2018,TEMF Import,35.4,0.9,"26,082",26082,7001,7001,809,809,,,7,1,77307
Horo Guduru,Abay Comen,Oromia,ORG00000482,ORG00000484,2018,TEMF Import,48.2,1.5,"24,480",24480,3679,3679,786,786,,,47,29,64727
Horo Guduru,Abe Dongoro,Oromia,ORG00000482,ORG00000483,2018,TEMF Import,48.2,1.5,"34,421",34421,5835,5835,952,952,,,18,8,90549
Horo Guduru,Amuru,Oromia,ORG00000482,ORG00000485,2018,TEMF Import,48.2,1.5,"25,804",25804,5271,5271,686,686,,,1,0,73168
Horo Guduru,Chomen Guduru,Oromia,ORG00000482,,2018,TEMF Import,48.2,1.5,"17,932",17932,3089,3089,382,382,,,0,1,46655
Horo Guduru,Guduru,Oromia,ORG00000482,ORG00000491,2018,TEMF Import,48.2,1.5,"33,764",33764,4945,4945,774,774,,,0,0,88272
Horo Guduru,Hababo Guduru,Oromia,ORG00000482,ORG00000492,2018,TEMF Import,48.2,1.5,"21,509",21509,3272,3272,616,616,,,51,26,61355
Horo Guduru,Horo,Oromia,ORG00000482,ORG00000486,2018,TEMF Import,48.2,1.5,"12,974",12974,2934,2934,759,759,,,10,3,47868
Horo Guduru,Horo Buluk,Oromia,ORG00000482,,2018,TEMF Import,48.2,1.5,"15,524",15524,3663,3663,541,541,,,0,0,54419
Horo Guduru,Jardega jarte,Oromia,ORG00000482,ORG00000489,2018,TEMF Import,48.2,1.5,"23,799",23799,3922,3922,539,539,,,2,0,66635
Horo Guduru,Jimma Ganati,Oromia,ORG00000482,ORG00000488,2018,TEMF Import,48.2,1.5,"30,047",30047,4791,4791,737,737,,,3,2,85011
Horo Guduru,Jimma Rare,Oromia,ORG00000482,ORG00000490,2018,TEMF Import,48.2,1.5,"25,121",25121,4258,4258,730,730,,,0,0,76231
Horo Guduru,Shambu Town,Oromia,ORG00000482,ORG00000487,2018,TEMF Import,,,,,,,,,,,,,
Illu Aba bora,Ale,Oromia,ORG00000493,ORG00000503,2018,TEMF Import,4.9,0.3,,,,,,,,,8,6,
Illu Aba bora,Alge Sachi,Oromia,ORG00000493,ORG00000506,2018,TEMF Import,5.4,0.5,"42,546",42546,5855,5855,1070,1070,,,6,4,104088.6676
Illu Aba bora,Becho,Oromia,ORG00000493,ORG00000495,2018,TEMF Import,21.2,1.1,"19,653",19653,4527,4527,504,504,,,3,0,51324
Illu Aba bora,Bilo Nopa,Oromia,ORG00000493,ORG00000500,2018,TEMF Import,5.4,0.5,"14,653",14653,1442,1442,264,264,,,8,4,37985.535
Illu Aba bora,Bure,Oromia,ORG00000493,ORG00000507,2018,TEMF Import,8.7,0.3,"25,638",25638,2917,2917,605,605,,,25,8,67358.34
Illu Aba bora,Darimu,Oromia,ORG00000493,ORG00000494,2018,TEMF Import,7.3,0.3,"84,149",84149,13891,13891,1928,1928,,,69,18,190281.651
Illu Aba bora,Didu,Oromia,ORG00000493,ORG00000499,2018,TEMF Import,10.0,0.1,"18,256",18256,2840,2840,358,358,,,2,0,45187
Illu Aba bora,Doreni,Oromia,ORG00000493,ORG00000498,2018,TEMF Import,16.1,1.1,"17,033",17033,1856,1856,354,354,,,11,7,47963
Illu Aba bora,Huka Halu,Oromia,ORG00000493,ORG00000497,2018,TEMF Import,1.2,0.3,0,0,0,0,0,0,,,11,3,
Illu Aba bora,Hurumu,Oromia,ORG00000493,ORG00000505,2018,TEMF Import,21.2,1.1,"20,120",20120,3114,3114,502,502,,,29,27,58155
Illu Aba bora,Metu,Oromia,ORG00000493,ORG00000502,2018,TEMF Import,0.2,0.0,0,0,0,0,0,0,,,1,2,85278
Illu Aba bora,Metu Town,Oromia,ORG00000493,ORG00000496,2018,TEMF Import,,,0,0,0,0,0,0,,,,,
Illu Aba bora,Nono Sale,Oromia,ORG00000493,ORG00000501,2018,TEMF Import,14.0,0.2,"13,171",13171,1916,1916,291,291,,,10,3,31017
Illu Aba bora,Yayo,Oromia,ORG00000493,ORG00000504,2018,TEMF Import,21.2,1.1,"29,052",29052,4343,4343,632,632,,,17,8,70335
Jimma,Agaro Town,Oromia,ORG00000508,ORG00000512,2018,TEMF Import,,,,,,,,,,,,,
Jimma,Boter Tolay,Oromia,ORG00000508,ORG00000526,2018,TEMF Import,1.8,0.1,,,,,,,,,70,33,
Jimma,Chora Boter,Oromia,ORG00000508,ORG00000525,2018,TEMF Import,1.8,0.1,,,,,,,,,5,2,
Jimma,Deddo,Oromia,ORG00000508,ORG00000527,2018,TEMF Import,45.3,2.3,"96,745",96745,16133,16133,2632,2632,,,3,7,244115
Jimma,Gera,Oromia,ORG00000508,ORG00000516,2018,TEMF Import,46.6,1.6,"62,188",62188,10240,10240,1319,1319,,,4,9,151952
Jimma,Gomma,Oromia,ORG00000508,ORG00000515,2018,TEMF Import,41.1,0.9,"117,124",117124,19787,19787,3235,3235,,,114,59,280516
Jimma,Gumma,Oromia,ORG00000508,ORG00000515,2018,TEMF Import,41.1,0.9,"33,748",33748,5395,5395,894,894,,,37,13,79932
Jimma,Jimma Town,Oromia,ORG00000508,ORG00000513,2018,TEMF Import,,,0,0,0,0,0,0,,,,,
Jimma,Kersa,Oromia,ORG00000508,ORG00000519,2018,TEMF Import,35.3,2.5,"89,795",89795,16297,16297,2296,2296,,,193,92,223329
Jimma,Limmu Kossa,Oromia,ORG00000508,ORG00000510,2018,TEMF Import,4.5,0.3,0,0,0,0,0,0,,,35,19,
Jimma,Limmu Seka,Oromia,ORG00000508,ORG00000524,2018,TEMF Import,2.3,0.3,0,0,0,0,0,0,,,42,17,
Jimma,Mancho,Oromia,ORG00000508,ORG00000528,2018,TEMF Import,45.3,2.3,"67,802",67802,11504,11504,2122,2122,,,143,52,165786
Jimma,Manna,Oromia,ORG00000508,ORG00000521,2018,TEMF Import,35.3,2.5,"74,184",74184,12635,12635,1696,1696,,,116,45,192404
Jimma,Nonno Benja,Oromia,ORG00000508,ORG00000514,2018,TEMF Import,46.6,1.6,"33,561",33561,6001,6001,962,962,,,100,56,80110
Jimma,Ommo Nadda,Oromia,ORG00000508,ORG00000530,2018,TEMF Import,4.8,1.3,0,0,0,0,0,0,,,117,34,210306
Jimma,Omo Beyam,Oromia,ORG00000508,ORG00000529,2018,TEMF Import,3.1,0.2,0,0,0,0,0,0,,,130,52,
Jimma,Saka Chekorsa,Oromia,ORG00000508,ORG00000509,2018,TEMF Import,45.3,2.3,"110,857",110857,17748,17748,2883,2883,,,136,70,273109
Jimma,Satema,Oromia,ORG00000508,ORG00000517,2018,TEMF Import,46.6,1.6,"57,387",57387,9346,9346,1372,1372,,,132,39,139613
Jimma,Shabe Sombo,Oromia,ORG00000508,ORG00000520,2018,TEMF Import,41.1,0.9,"62,039",62039,10551,10551,1490,1490,,,142,60,147329
Jimma,Sigimo,Oromia,ORG00000508,ORG00000518,2018,TEMF Import,46.6,1.6,"50,927",50927,8696,8696,1285,1285,,,179,41,121557
Jimma,Sokoru,Oromia,ORG00000508,ORG00000523,2018,TEMF Import,8.5,1.4,"71,691",71691,12374,12374,1895,1895,,,206,73,180278
Jimma,Tiro Afeta,Oromia,ORG00000508,ORG00000522,2018,TEMF Import,35.3,2.5,"67,232",67232,10838,10838,1617,1617,,,138,39,177786
Kelem Wellega,Anfilo,Oromia,ORG00000531,ORG00000536,2018,TEMF Import,3.0,0.4,,,,,,,,,0,0,
Kelem Wellega,Dale sedi,Oromia,ORG00000531,ORG00000540,2018,TEMF Import,8.3,0.6,"40,045",40045,5804,5804,881,881,,,0,0,97544.055
Kelem Wellega,Dale Wabera,Oromia,ORG00000531,ORG00000535,2018,TEMF Import,6.4,0.7,"32,417",32417,5860,5860,841,841,,,0,0,138783.288
Kelem Wellega,Dambi Dolo,Oromia,ORG00000531,ORG00000534,2018,TEMF Import,,,,,,,,,,,0,0,
Kelem Wellega,Gawo Kebe,Oromia,ORG00000531,ORG00000537,2018,TEMF Import,8.3,0.6,"37,170",37170,7779,7779,1276,1276,,,0,0,85746.57
Kelem Wellega,Gidami,Oromia,ORG00000531,ORG00000538,2018,TEMF Import,3.0,0.4,,,,,,,,,0,0,
Kelem Wellega,Hawa Gelan,Oromia,ORG00000531,ORG00000541,2018,TEMF Import,9.9,1.0,"51,086",51086,10207,10207,1175,1175,,,0,0,126351.939
Kelem Wellega,Jimma Horo,Oromia,ORG00000531,ORG00000539,2018,TEMF Import,2.8,0.1,,,,,,,,,0,0,
Kelem Wellega,Lalo Kile,Oromia,ORG00000531,ORG00000542,2018,TEMF Import,8.3,0.6,"25,933",25933,3641,3641,449,449,,,0,0,64336.167
Kelem Wellega,Seden Chanka,Oromia,ORG00000531,,2018,TEMF Import,6.4,0.7,"24,511",24511,4429,4429,743,743,,,0,0,61148
Kelem Wellega,Seyo,Oromia,ORG00000531,ORG00000533,2018,TEMF Import,3.1,0.4,,,,,,,,,0,0,
Kelem Wellega,Yemalogi Welel,Oromia,ORG00000531,ORG00000532,2018,TEMF Import,4.2,0.2,,,,,,,,,0,0,
North Shoa Zone,Abichugna,Oromia,ORG00000543,ORG00000549,2018,TEMF Import,10.7,0.2,"39,409",39409,6366,6366,1022,1022,,,0,0,100885
North Shoa Zone,Aleltu,Oromia,ORG00000543,ORG00000555,2018,TEMF Import,3.7,0.6,0,0,0,0,0,0,,,0,0,
North Shoa Zone,Debre Libanos,Oromia,ORG00000543,ORG00000548,2018,TEMF Import,6.9,0.7,"22,675",22675,3394,3394,676,676,,,51,20,60546
North Shoa Zone,Degem,Oromia,ORG00000543,ORG00000554,2018,TEMF Import,5.6,0.5,"52,414",52414,9840,9840,1401,1401,,,88,36,134361
North Shoa Zone,Derra,Oromia,ORG00000543,ORG00000551,2018,TEMF Import,48.4,2.0,"93,273",93273,15833,15833,2248,2248,,,215,61,245049
North Shoa Zone,Fiche Town,Oromia,ORG00000543,ORG00000552,2018,TEMF Import,,,0,0,0,0,0,0,,,,,
North Shoa Zone,Girar Jarso,Oromia,ORG00000543,ORG00000553,2018,TEMF Import,9.6,0.9,"33,719",33719,6987,6987,875,875,,,154,57,90508
North Shoa Zone,Hidhabu Abote,Oromia,ORG00000543,ORG00000550,2018,TEMF Import,42.6,2.9,"42,721",42721,7673,7673,1320,1320,,,238,68,112704
North Shoa Zone,Jidda,Oromia,ORG00000543,ORG00000546,2018,TEMF Import,10.7,0.2,"25,049",25049,5191,5191,893,893,,,1,0,72149
North Shoa Zone,Kimbibit,Oromia,ORG00000543,ORG00000547,2018,TEMF Import,2.3,0.1,0,0,0,0,0,0,,,0,0,
North Shoa Zone,Kuyu,Oromia,ORG00000543,ORG00000545,2018,TEMF Import,9.5,0.9,"64,878",64878,11107,11107,1593,1593,,,54,8,166215
North Shoa Zone,Were Jarso,Oromia,ORG00000543,ORG00000557,2018,TEMF Import,11.0,1.0,"79,199",79199,11339,11339,1667,1667,,,108,33,186580
North Shoa Zone,Wuchale,Oromia,ORG00000543,ORG00000556,2018,TEMF Import,9.9,0.3,"50,821",50821,8961,8961,1279,1279,,,34,8,132253
North Shoa Zone,Yaya Gulale,Oromia,ORG00000543,ORG00000544,2018,TEMF Import,5.2,0.4,"27,632",27632,5270,5270,688,688,,,0,0,72299
S.W. Shewa,Ameya,Oromia,ORG00000558,ORG00000563,2018,TEMF Import,32.1,1.7,0,0,0,0,0,0,,,75,59,160549
S.W. Shewa,Becho,Oromia,ORG00000558,ORG00000559,2018,TEMF Import,30.3,0.8,0,0,0,0,0,0,,,40,40,99159
S.W. Shewa,Dawo,Oromia,ORG00000558,ORG00000564,2018,TEMF Import,30.3,0.8,0,0,0,0,0,0,,,65,35,95655
S.W. Shewa,Elu,Oromia,ORG00000558,ORG00000565,2018,TEMF Import,30.3,0.8,0,0,0,0,0,0,,,52,10,68433
S.W. Shewa,Goro,Oromia,ORG00000558,ORG00000570,2018,TEMF Import,32.1,1.7,0,0,0,0,0,0,,,81,36,61805
S.W. Shewa,Kersa Malima,Oromia,ORG00000558,ORG00000567,2018,TEMF Import,30.3,0.8,0,0,0,0,0,0,,,37,20,110067
S.W. Shewa,Seden Sodo Rural,Oromia,ORG00000558,ORG00000566,2018,TEMF Import,30.3,0.8,0,0,0,0,0,0,,,0,0,90941
S.W. Shewa,Sodo Dachi,Oromia,ORG00000558,ORG00000562,2018,TEMF Import,30.3,0.8,0,0,0,0,0,0,,,0,0,59108
S.W. Shewa,Tole,Oromia,ORG00000558,ORG00000561,2018,TEMF Import,30.3,0.8,0,0,0,0,0,0,,,30,12,85071
S.W. Shewa,Woliso,Oromia,ORG00000558,ORG00000568,2018,TEMF Import,32.1,1.7,0,0,0,0,0,0,,,71,31,194183
S.W. Shewa,Woliso Town,Oromia,ORG00000558,ORG00000560,2018,TEMF Import,,,0,0,0,0,0,0,,,,,
S.W. Shewa,Wonchi,Oromia,ORG00000558,ORG00000569,2018,TEMF Import,32.1,1.7,0,0,0,0,0,0,,,63,39,126219
West Arsi,Adaba,Oromia,ORG00000613,ORG00000618,2018,TEMF Import,13.2,0.3,"35,693",35693,11680,11680,2293,2293,,,28,3,193378
West Arsi,Arsi Negele,Oromia,ORG00000613,ORG00000614,2018,TEMF Import,8.7,1.5,"71,208",71208,15208,15208,2083,2083,,,102,34,219091
West Arsi,Arsi Negele Town,Oromia,ORG00000613,ORG00000614,2018,TEMF Import,,,0,0,0,0,0,0,,,,,
West Arsi,Bishan Guracha Town,Oromia,ORG00000613,ORG00000615,2018,TEMF Import,,,0,0,0,0,0,0,,,,,
West Arsi,Dodola,Oromia,ORG00000613,ORG00000623,2018,TEMF Import,21.9,0.1,"72,144",72144,16622,16622,2786,2786,,,,,234905
West Arsi,Dodola Town,Oromia,ORG00000613,ORG00000616,2018,TEMF Import,,,0,0,0,0,0,0,,,,,
West Arsi,Gadeb Asasa,Oromia,ORG00000613,ORG00000617,2018,TEMF Import,21.9,0.1,"93,918",93918,22437,22437,2563,2563,,,,,261523
West Arsi,Heben Arsi,Oromia,ORG00000613,ORG00000629,2018,TEMF Import,8.7,1.5,"26,354",26354,5138,5138,907,907,,,,,76564
West Arsi,Kofele,Oromia,ORG00000613,ORG00000619,2018,TEMF Import,27.3,0.7,"86,310",86310,18707,18707,2776,2776,,,29,9,241464
West Arsi,Kokosa,Oromia,ORG00000613,ORG00000620,2018,TEMF Import,13.2,0.3,"75,136",75136,19787,19787,2640,2640,,,63,20,199086
West Arsi,Kore,Oromia,ORG00000613,ORG00000622,2018,TEMF Import,21.9,0.1,"49,496",49496,11768,11768,1850,1850,,,1,0,140418
West Arsi,Nensebo,Oromia,ORG00000613,ORG00000621,2018,TEMF Import,13.2,0.3,"62,551",62551,10866,10866,1555,1555,,,16,4,158654
West Arsi,Shala,Oromia,ORG00000613,ORG00000624,2018,TEMF Import,45.8,1.7,"82,048",82048,15560,15560,2155,2155,,,294,80,207932
West Arsi,Shashemene,Oromia,ORG00000613,ORG00000625,2018,TEMF Import,45.8,1.7,"99,904",99904,25501,25501,3924,3924,,,421,159,258953
West Arsi,Shashemene Town,Oromia,ORG00000613,ORG00000625,2018,TEMF Import,,,0,0,0,0,0,0,,,,,
West Arsi,Siraro,Oromia,ORG00000613,ORG00000628,2018,TEMF Import,45.8,1.7,"82,181",82181,14271,14271,2171,2171,,,248,94,226317
West Arsi,Wondo,Oromia,ORG00000613,ORG00000626,2018,TEMF Import,27.3,0.7,"41,127",41127,9038,9038,1376,1376,,,51,22,115786
West Guji,Abaya,Oromia,ORG00000631,ORG00000635,2018,TEMF Import,36.9,0.7,"55,834",55834,7784,7784,2162,2162,,,55,26,148768
West Guji,Birbirsa Kojowa,Oromia,ORG00000631,ORG00000637,2018,TEMF Import,29.5,0.3,"23,036",23036,7649,7649,934,934,,,4,4,80749
West Guji,Bule Hora,Oromia,ORG00000631,ORG00000641,2018,TEMF Import,36.9,0.7,"108,209",108209,24585,24585,3147,3147,,,101,58,285154
West Guji,Bule Hora Town,Oromia,ORG00000631,ORG00000642,2018,TEMF Import,,,0,0,0,0,0,0,,,,,
West Guji,Dugda Dawa,Oromia,ORG00000631,ORG00000633,2018,TEMF Import,36.9,0.7,"49,539",49539,7909,7909,1190,1190,,,100,25,121468
West Guji,Gelana,Oromia,ORG00000631,ORG00000632,2018,TEMF Import,36.9,0.7,"45,000",45000,12090,12090,1111,1111,,,73,17,122651
West Guji,Hambala wamana,Oromia,ORG00000631,ORG00000636,2018,TEMF Import,35.4,0.9,"54,106",54106,14976,14976,2519,2519,,,28,10,157406
West Guji,Kercha,Oromia,ORG00000631,ORG00000638,2018,TEMF Import,29.5,0.3,"68,562",68562,17318,17318,2697,2697,,,29,14,303767
West Guji,Kercha Town,Oromia,ORG00000631,ORG00000639,2018,TEMF Import,29.5,0.3,"5,408",5408,1393,1393,223,223,,,,,57424
West Guji,Melka Soda,Oromia,ORG00000631,ORG00000634,2018,TEMF Import,42.7,0.6,"34,154",34154,7246,7246,1205,1205,,,18,0,85059
West Guji,Suro Barguda,Oromia,ORG00000631,ORG00000640,2018,TEMF Import,36.9,0.7,"31,571",31571,6128,6128,1249,1249,,,22,17,79401
West Wellega,Ayira,Oromia,ORG00000644,ORG00000646,2018,TEMF Import,3.3,0.4,,,,,,,,,0,0,
West Wellega,Babo Gambel,Oromia,ORG00000644,ORG00000657,2018,TEMF Import,2.5,0.4,,,,,,,,,0,0,
West Wellega,Begi,Oromia,ORG00000644,ORG00000658,2018,TEMF Import,9.4,1.0,"62,343",62343,10177,10177,1363,1363,,,0,0,157774.512
West Wellega,Bodji Chokorsa,Oromia,ORG00000644,ORG00000649,2018,TEMF Import,2.9,0.4,0,0,,,,,,,0,0,
West Wellega,Bodji Dirmeji,Oromia,ORG00000644,ORG00000653,2018,TEMF Import,1.3,0.6,0,0,,,,,,,0,0,
West Wellega,Genji,Oromia,ORG00000644,ORG00000663,2018,TEMF Import,1.1,0.1,0,0,,,,,,,0,0,
West Wellega,Gimbi Rural,Oromia,ORG00000644,ORG00000661,2018,TEMF Import,1.7,0.5,0,0,,,,,,,0,0,
West Wellega,Gimbi Town,Oromia,ORG00000644,ORG00000647,2018,TEMF Import,,,0,0,,,,,,,0,0,
West Wellega,Guliso,Oromia,ORG00000644,ORG00000662,2018,TEMF Import,3.3,0.4,0,0,,,,,,,0,0,
West Wellega,Haru,Oromia,ORG00000644,ORG00000656,2018,TEMF Import,2.9,0.4,0,0,,,,,,,0,0,
West Wellega,Homa,Oromia,ORG00000644,ORG00000648,2018,TEMF Import,5.6,0.2,"13,305",13305,2071,2071,318,318,,,0,0,32507.139
West Wellega,Jarso,Oromia,ORG00000644,ORG00000645,2018,TEMF Import,3.3,0.4,0,0,,,,,,,0,0,
West Wellega,Kiltu Kara,Oromia,ORG00000644,ORG00000652,2018,TEMF Import,7.9,1.1,"26,845",26845,4510,4510,673,673,,,0,0,68574.618
West Wellega,Kondala,Oromia,ORG00000644,ORG00000655,2018,TEMF Import,14.3,1.3,"51,863",51863,11102,11102,1490,1490,,,0,0,133733
West Wellega,Lalo Asabi,Oromia,ORG00000644,ORG00000660,2018,TEMF Import,3.0,0.2,0,0,,,,,,,0,0,
West Wellega,Leta Sebu,Oromia,ORG00000644,ORG00000667,2018,TEMF Import,3.3,0.4,0,0,,,,,,,0,0,
West Wellega,Mendi Town,Oromia,ORG00000644,ORG00000665,2018,TEMF Import,7.9,1.1,"5,961",5961,2623,2623,471,471,,,0,0,21800.394
West Wellega,Mene Sibu,Oromia,ORG00000644,ORG00000664,2018,TEMF Import,7.9,1.1,"60,242",60242,11108,11108,941,941,,,0,0,167117.832
West Wellega,Nedjo Rural,Oromia,ORG00000644,ORG00000666,2018,TEMF Import,3.3,0.4,0,0,,,,,,,0,0,
West Wellega,Nedjo Town,Oromia,ORG00000644,ORG00000650,2018,TEMF Import,,,0,0,,,,,,,0,0,
West Wellega,Nole Kaba,Oromia,ORG00000644,ORG00000651,2018,TEMF Import,4.3,,0,0,,,,,,,0,0,
West Wellega,Seyo Nole,Oromia,ORG00000644,ORG00000654,2018,TEMF Import,2.0,0.2,0,0,,,,,,,0,0,
West Wellega,Yubdo,Oromia,ORG00000644,ORG00000659,2018,TEMF Import,5.6,0.2,"19,243",19243,2578,2578,470,470,,,0,0,51169.083
W. Harerge,Ancar,Oromia,ORG00000571,ORG00000576,2018,TEMF Import,35.8,1.7,"45,821",45821,8718,8718,1161,1161,,,285,33,119650
W. Harerge,Badesa Town,Oromia,ORG00000571,ORG00000575,2018,TEMF Import,,,0,0,0,0,0,0,,,,,
W. Harerge,Boke,Oromia,ORG00000571,ORG00000579,2018,TEMF Import,32.9,1.2,"57,835",57835,10558,10558,1368,1368,,,37,3,150256
W. Harerge,Burka dhintu,Oromia,ORG00000571,ORG00000572,2018,TEMF Import,21.3,1.0,"26,339",26339,4495,4495,707,707,,,38,4,77534
W. Harerge,Chiro,Oromia,ORG00000571,ORG00000573,2018,TEMF Import,27.8,1.8,"86,420",86420,17113,17113,2145,2145,,,317,69,222306
W. Harerge,Chiro Town,Oromia,ORG00000571,ORG00000577,2018,TEMF Import,,,0,0,0,0,0,0,,,,,
W. Harerge,Daro Lebu,Oromia,ORG00000571,ORG00000574,2018,TEMF Import,32.9,1.2,"61,040",61040,20078,20078,3355,3355,,,105,17,202251
W. Harerge,Doba,Oromia,ORG00000571,ORG00000582,2018,TEMF Import,21.3,1.0,"61,237",61237,18023,18023,3123,3123,,,197,28,185099
W. Harerge,Gemechis,Oromia,ORG00000571,ORG00000585,2018,TEMF Import,32.9,1.2,"86,428",86428,16194,16194,2937,2937,,,190,31,247415
W. Harerge,Guba Koricha,Oromia,ORG00000571,ORG00000583,2018,TEMF Import,35.8,1.7,"49,873",49873,10448,10448,1522,1522,,,236,61,132721
W. Harerge,Gumbi Bordede,Oromia,ORG00000571,ORG00000587,2018,TEMF Import,27.8,1.8,"37,429",37429,6112,6112,1035,1035,,,69,18,97597
W. Harerge,Habro,Oromia,ORG00000571,ORG00000580,2018,TEMF Import,35.8,1.7,"93,348",93348,18563,18563,2498,2498,,,430,101,267793
W. Harerge,Hawi Gudina,Oromia,ORG00000571,ORG00000584,2018,TEMF Import,27.8,1.8,"33,657",33657,11138,11138,2193,2193,,,108,18,116807
W. Harerge,Mesela,Oromia,ORG00000571,ORG00000581,2018,TEMF Import,21.3,1.0,"78,705",78705,15918,15918,2721,2721,,,167,18,210171
W. Harerge,Mieso,Oromia,ORG00000571,ORG00000586,2018,TEMF Import,27.8,1.8,"52,171",52171,11300,11300,1886,1886,,,17,2,129288
W. Harerge,Oda Bultum,Oromia,ORG00000571,ORG00000588,2018,TEMF Import,32.9,1.2,"80,404",80404,17674,17674,2701,2701,,,234,55,218132
W. Harerge,Tullo,Oromia,ORG00000571,ORG00000578,2018,TEMF Import,21.3,1.0,"75,227",75227,12470,12470,1748,1748,,,363,55,199769
W. Shewa,Abuna Gindeberet,Oromia,ORG00000589,ORG00000599,2018,TEMF Import,9.7,1.3,,,,,,,,,47,15,
W. Shewa,Adea Berga,Oromia,ORG00000589,ORG00000600,2018,TEMF Import,35.4,1.0,"54,462",54462,17495,17495,1911,1911,,,77,21,160349
W. Shewa,Ambo Town,Oromia,ORG00000589,ORG00000590,2018,TEMF Import,,,,,,,,,,,,,
W. Shewa,Ambo Zuria,Oromia,ORG00000589,ORG00000595,2018,TEMF Import,2.7,0.5,"49,148",49148,8141,8141,1483,1483,,,46,18,141802
W. Shewa,Bako Tibe,Oromia,ORG00000589,ORG00000603,2018,TEMF Import,39.8,1.2,"57,555",57555,9621,9621,1628,1628,,,44,22,169394
W. Shewa,Chelia,Oromia,ORG00000589,ORG00000611,2018,TEMF Import,39.8,1.2,"37,156",37156,6240,6240,1191,1191,,,0,0,112042
W. Shewa,Chobi,Oromia,ORG00000589,ORG00000608,2018,TEMF Import,4.2,0.7,"27,660",27660,4726,4726,859,859,,,38,18,115291
W. Shewa,Dano,Oromia,ORG00000589,ORG00000598,2018,TEMF Import,39.8,1.2,"42,366",42366,7779,7779,1894,1894,,,77,35,131807
W. Shewa,Dendi,Oromia,ORG00000589,ORG00000605,2018,TEMF Import,1.5,0.2,"59,874",59874,10077,10077,1708,1708,,,0,0,175793
W. Shewa,Dire Inchini (Tikur Inchini),Oromia,ORG00000589,ORG00000594,2018,TEMF Import,1.2,0.3,"32,213",32213,6939,6939,1372,1372,,,19,17,96784
W. Shewa,Ejere,Oromia,ORG00000589,ORG00000597,2018,TEMF Import,35.4,1.0,"43,839",43839,10589,10589,1899,1899,,,63,16,115296
W. Shewa,Ejersa Lafo,Oromia,ORG00000589,ORG00000606,2018,TEMF Import,3.6,0.6,"31,539",31539,6984,6984,1093,1093,,,12,5,88699
W. Shewa,Elfeta,Oromia,ORG00000589,ORG00000592,2018,TEMF Import,0.9,0.2,"30,618",30618,5188,5188,768,768,,,0,0,75311
W. Shewa,Gindeberet,Oromia,ORG00000589,ORG00000604,2018,TEMF Import,6.1,1.3,"46,839",46839,9337,9337,2043,2043,,,39,17,142562
W. Shewa,Ilu Gelan,Oromia,ORG00000589,ORG00000591,2018,TEMF Import,39.8,1.2,"31,475",31475,5177,5177,974,974,,,11,10,80805
W. Shewa,Jeldu,Oromia,ORG00000589,ORG00000607,2018,TEMF Import,2.3,0.4,"74,101",74101,16854,16854,2355,2355,,,18,8,211304
W. Shewa,Jibat,Oromia,ORG00000589,ORG00000601,2018,TEMF Import,1.0,0.4,"32,874",32874,5568,5568,776,776,,,0,0,82005
W. Shewa,Liben Jawi,Oromia,ORG00000589,ORG00000612,2018,TEMF Import,3.5,0.6,"26,604",26604,5374,5374,819,819,,,21,6,84383
W. Shewa,Meta Robi,Oromia,ORG00000589,ORG00000609,2018,TEMF Import,35.4,1.0,"41,928",41928,6793,6793,1471,1471,,,18,7,104741
W. Shewa,Meta Wolkite,Oromia,ORG00000589,ORG00000610,2018,TEMF Import,35.4,1.0,"36,392",36392,5633,5633,900,900,,,35,12,94503
W. Shewa,Mida Kegn,Oromia,ORG00000589,ORG00000596,2018,TEMF Import,39.8,1.2,"35,767",35767,11973,11973,2115,2115,,,49,22,104340
W. Shewa,Nono,Oromia,ORG00000589,ORG00000593,2018,TEMF Import,2.8,1.0,"44,904",44904,9601,9601,1527,1527,,,0,0,113897
W. Shewa,Toke Kutaye,Oromia,ORG00000589,ORG00000602,2018,TEMF Import,1.6,0.3,"37,971",37971,9885,9885,1328,1328,,,54,21,133052
Central Tigray,Abi Adi,Tigray,ORG00000935,ORG00000942,2018,TEMF Import,,,,,,,,,,,,,
Central Tigray,Adwa,Tigray,ORG00000935,ORG00000939,2018,TEMF Import,,,,,,,,,,,,,
Central Tigray,Ahferom,Tigray,ORG00000935,ORG00000946,2018,TEMF Import,13.9,0.8,"79,376",75346,12864,12929,2675,1585,,,,,223288
Central Tigray,Axum Town,Tigray,ORG00000935,ORG00000937,2018,TEMF Import,,,,,,,0,0,,,,,
Central Tigray,Geter Adwa,Tigray,ORG00000935,ORG00000945,2018,TEMF Import,10.9,1.2,"40,005",40795,5124,5161,1040,647,,,,,113212
Central Tigray,Kolla Temben,Tigray,ORG00000935,ORG00000947,2018,TEMF Import,18.2,1.3,"67,382",68041,10198,10672,2213,1324,,,,,172704
Central Tigray,Laelay Maichew,Tigray,ORG00000935,ORG00000940,2018,TEMF Import,32.6,1.9,"32,939",34633,3648,3858,960,499,,,,,82456
Central Tigray,Mereb Leke,Tigray,ORG00000935,ORG00000936,2018,TEMF Import,7.3,0.6,"53,396",54262,8879,9326,1642,1098,,,,,151886
Central Tigray,Naeder Adet,Tigray,ORG00000935,ORG00000944,2018,TEMF Import,32.6,1.9,"52,817",52057,7691,8029,1583,821,,,,,134425
Central Tigray,Tahtay Maichew,Tigray,ORG00000935,ORG00000938,2018,TEMF Import,32.6,1.9,"45,630",44713,6645,6529,1443,802,,,,,113877
Central Tigray,Tanqua Abergele,Tigray,ORG00000935,ORG00000943,2018,TEMF Import,9.4,0.8,"44,165",45309,7037,7175,1402,844,,,,,119383
Central Tigray,Werehilehi,Tigray,ORG00000935,ORG00000941,2018,TEMF Import,15.2,1.0,"66,107",64905,9347,9270,2255,1380,,,,,188307
Eastern Tigray,Adigrat town,Tigray,ORG00000948,ORG00000950,2018,TEMF Import,,,,,,,0,0,,,,,
Eastern Tigray,Atsibi Wonberta,Tigray,ORG00000948,ORG00000951,2018,TEMF Import,16.0,0.5,"47,044",44286,5852,6187,1449,894,,,,,132132
Eastern Tigray,Erob,Tigray,ORG00000948,ORG00000949,2018,TEMF Import,5.1,0.6,"9,482",10915,964,1030,261,144,,,,,33254
Eastern Tigray,Ganta Afeshum,Tigray,ORG00000948,ORG00000953,2018,TEMF Import,7.8,1.1,"37,589",36343,4136,4424,996,659,,,,,101772
Eastern Tigray,Glomekeda,Tigray,ORG00000948,ORG00000952,2018,TEMF Import,9.1,1.0,"35,255",33439,3639,3955,939,472,,,,,108990
Eastern Tigray,Hawzien,Tigray,ORG00000948,ORG00000955,2018,TEMF Import,11.4,0.9,"44,315",41421,7114,7253,1173,794,,,,,152563
Eastern Tigray,Kilte Awlaelo,Tigray,ORG00000948,ORG00000956,2018,TEMF Import,18.4,1.5,"40,490",39651,5471,5731,1396,757,,,,,115923
Eastern Tigray,Saesi Tsaeda Amba,Tigray,ORG00000948,ORG00000957,2018,TEMF Import,8.3,0.6,"63,949",61208,7129,7517,1646,1004,,,,,177502
Eastern Tigray,Wukro Town,Tigray,ORG00000948,ORG00000954,2018,TEMF Import,,,,,,,0,0,,,,,
Mekele,Adihaki,Tigray,ORG00000958,ORG00000963,2018,TEMF Import,48.5,1.4,"2,346",1963,447,466,96,40,,,,,5763
Mekele,Ayder,Tigray,ORG00000958,ORG00000964,2018,TEMF Import,48.5,1.4,"2,401",2226,371,405,67,56,,,,,5937
Mekele,Hadnet,Tigray,ORG00000958,ORG00000965,2018,TEMF Import,48.5,1.4,"7,362",6985,1099,1040,327,160,,,,,20814
Mekele,Hawelti,Tigray,ORG00000958,ORG00000960,2018,TEMF Import,48.5,1.4,"5,783",5642,845,893,248,124,,,,,13881
Mekele,kedamay Woyane,Tigray,ORG00000958,ORG00000962,2018,TEMF Import,,,,,,,,,,,,,
Mekele,Kuha,Tigray,ORG00000958,ORG00000961,2018,TEMF Import,48.5,1.4,"15,436",13431,2006,2119,618,301,,,,,42066
Mekele,Semen,Tigray,ORG00000958,ORG00000959,2018,TEMF Import,48.5,1.4,"9,706",6996,1967,1971,407,252,,,,,22735
North West Tigray,Asgede Tsimbla,Tigray,ORG00000966,ORG00000970,2018,TEMF Import,5.0,1.2,"58,449",56884,9401,9928,1836,1113,,,,,174310
North West Tigray,Laelay Adyabo,Tigray,ORG00000966,ORG00000968,2018,TEMF Import,5.1,1.1,"44,139",43478,7577,7815,1744,991,,,,,144288
North West Tigray,Medebay Zana,Tigray,ORG00000966,ORG00000967,2018,TEMF Import,13.0,1.1,"58,709",57396,9479,9677,2018,962,,,,,162019
North West Tigray,Sheraro Town,Tigray,ORG00000966,ORG00000969,2018,TEMF Import,,,,,,,0,0,,,,,
North West Tigray,Shire endasselasssiye,Tigray,ORG00000966,ORG00000974,2018,TEMF Import,,,,,,,0,0,,,,,
North West Tigray,Tahtay adiabo,Tigray,ORG00000966,ORG00000972,2018,TEMF Import,3.1,1.0,"40,410",38476,6569,6438,961,572,,,,,117499
North West Tigray,Tahtay Koraro,Tigray,ORG00000966,ORG00000971,2018,TEMF Import,7.6,1.5,"29,044",27416,4221,4334,1427,647,,,,,88143
North West Tigray,Tselemti,Tigray,ORG00000966,ORG00000973,2018,TEMF Import,15.7,1.2,"61,558",62201,9247,9812,2503,1614,,,,,178513
South East,Degua Temben,Tigray,ORG00000975,ORG00000977,2018,TEMF Import,39.1,2.6,"54,859",52363,9605,9638,2094,892,,,,,142416
South East,Enderta,Tigray,ORG00000975,ORG00000979,2018,TEMF Import,39.1,2.6,"41,449",41865,6897,7183,1689,781,,,,,128882
South East,Hintalo-Wojerat,Tigray,ORG00000975,ORG00000978,2018,TEMF Import,39.1,2.6,"75,866",74178,11223,11613,2638,1222,,,,,190956
South East,Sahrti-Samre,Tigray,ORG00000975,ORG00000976,2018,TEMF Import,39.1,2.6,"60,820",58523,12068,12222,2040,1076,,,,,156182
South Tigray,Alaje,Tigray,ORG00000980,ORG00000983,2018,TEMF Import,41.0,1.9,"50,629",51752,9253,10685,2145,846,,,,,141644
South Tigray,Alamata,Tigray,ORG00000980,ORG00000982,2018,TEMF Import,41.4,2.3,"38,924",42159,7685,8266,2448,1204,,,,,111999
South Tigray,Alamata Town,Tigray,ORG00000980,ORG00000981,2018,TEMF Import,,,,,,,0,0,,,,,
South Tigray,Enda mohoni,Tigray,ORG00000980,ORG00000985,2018,TEMF Import,41.0,1.9,"41,286",41997,8616,8456,1931,1004,,,,,111167
South Tigray,Korem Town,Tigray,ORG00000980,ORG00000987,2018,TEMF Import,,,,,,,0,0,,,,,
South Tigray,Maichew Town,Tigray,ORG00000980,ORG00000984,2018,TEMF Import,,,,,,,0,0,,,,,
South Tigray,Ofla,Tigray,ORG00000980,ORG00000988,2018,TEMF Import,41.4,2.3,"62,367",63627,9299,9673,3158,1433,,,,,166573
South Tigray,Raya Azebo,Tigray,ORG00000980,ORG00000986,2018,TEMF Import,41.0,1.9,"74,607",73452,10065,9215,3340,1388,,,,,178495
West Tigray,Kafta Humera,Tigray,ORG00000980,,2018,TEMF Import,9.1,0.7,"43,750",38866,6482,6618,936,630,,,,,118895
West Tigray,Setit Humera,Tigray,ORG00000980,,2018,TEMF Import,,,,,,,0,0,,,,,
West Tigray,Tsegede,Tigray,ORG00000980,,2018,TEMF Import,7.2,0.3,"44,889",42963,7527,7726,1148,629,,,,,120104
West Tigray,Welkayit,Tigray,ORG00000980,,2018,TEMF Import,8.1,0.6,"53,846",52934,9814,9993,1644,930,,,,,159806
Bench Maji,Bero,SNNPR,ORG00000669,ORG00000677,2018,TEMF Import,30.8,0.6,,,,,,,,,,,
Bench Maji,Gura ferda,SNNPR,ORG00000669,ORG00000671,2018,TEMF Import,30.8,0.6,,,,,,,,,,,
Bench Maji,Maji,SNNPR,ORG00000669,ORG00000673,2018,TEMF Import,30.8,0.6,,,,,,,,,,,
Bench Maji,Meint Shasha,SNNPR,ORG00000669,ORG00000670,2018,TEMF Import,30.8,0.6,,,,,,,,,,,
Bench Maji,Menit Goldia,SNNPR,ORG00000669,ORG00000679,2018,TEMF Import,30.8,0.6,,,,,,,,,,,
Bench Maji,Mizan Aman,SNNPR,ORG00000669,ORG00000678,2018,TEMF Import,,,,,,,,,,,,,
Bench Maji,Semen Bench,SNNPR,ORG00000669,ORG00000680,2018,TEMF Import,28.5,0.8,,,,,,,,,,,
Bench Maji,Sheko,SNNPR,ORG00000669,ORG00000672,2018,TEMF Import,28.5,0.8,,,,,,,,,,,
Bench Maji,Shey Bench,SNNPR,ORG00000669,ORG00000674,2018,TEMF Import,30.8,0.6,,,,,,,,,,,
Bench Maji,Debub Bench,SNNPR,ORG00000669,,2018,TEMF Import,30.8,0.6,,,,,,,,,,,
Bench Maji,Surma,SNNPR,ORG00000669,ORG00000676,2018,TEMF Import,30.8,0.6,,,,,,,,,,,
Dawro,Isara,SNNPR,ORG00000681,,2018,TEMF Import,34.2,2.2,,,,,,,,,,,
Dawro,Gena-Bossa,SNNPR,ORG00000681,ORG00000685,2018,TEMF Import,28.1,1.2,,,,,,,,,,,
Dawro,Loma,SNNPR,ORG00000681,ORG00000687,2018,TEMF Import,28.1,1.2,,,,,,,,,,,
Dawro,Mareka,SNNPR,ORG00000681,ORG00000686,2018,TEMF Import,34.2,2.2,,,,,,,,,,,
Dawro,Terch Town,SNNPR,ORG00000681,ORG00000684,2018,TEMF Import,,,,,,,,,,,,,
Dawro,Tocha,SNNPR,ORG00000681,ORG00000683,2018,TEMF Import,34.2,2.2,,,,,,,,,,,
Gurage,Mareko,SNNPR,ORG00000688,ORG00000689,2018,TEMF Import,62.4,3.4,"32,490",31216,8845,8498,1304,485,,,,,82838
Gurage,Meskan,SNNPR,ORG00000688,ORG00000690,2018,TEMF Import,55.1,3.5,"72,970",70108,11385,10938,2778,1369,,,,,169548
Gurage,Meskan,SNNPR,ORG00000688,ORG00000690,2018,TEMF Import,,,,,,,,,,,,,
Gurage,Sodo,SNNPR,ORG00000688,ORG00000691,2018,TEMF Import,33.5,1.4,"62,784",60321,8659,8319,2226,1096,,,,,143405
Gamo Gofa,Arbaminch Town,SNNPR,ORG00000692,ORG00000699,2018,TEMF Import,,,,,,,,,,,,,
Gamo Gofa,Arbaminch zuria,SNNPR,ORG00000692,ORG00000698,2018,TEMF Import,22.4,1.8,"75,554",76772,12429,12248,3055,1216,,,,,181274
Gamo Gofa,Bonke,SNNPR,ORG00000692,ORG00000706,2018,TEMF Import,1.1,0.4,,,,,,,,,,,
Gamo Gofa,Boreda,SNNPR,ORG00000692,ORG00000700,2018,TEMF Import,3.9,0.6,,,,,,,,,,,
Gamo Gofa,Chencha,SNNPR,ORG00000692,ORG00000697,2018,TEMF Import,2.6,0.9,,,,,,,,,,,
Gamo Gofa,Demba Gofa,SNNPR,ORG00000692,ORG00000701,2018,TEMF Import,0.9,0.3,,,,,,,,,,,
Gamo Gofa,Daramalo,SNNPR,ORG00000692,ORG00000704,2018,TEMF Import,4.3,1.2,,,,,,,,,,,
Gamo Gofa,Dita,SNNPR,ORG00000692,ORG00000695,2018,TEMF Import,10.0,1.1,"43,991",41640,7020,6457,1435,628,,,,,101171
Gamo Gofa,Gezie Gofa,SNNPR,ORG00000692,ORG00000694,2018,TEMF Import,0.8,0.5,,,,,,,,,,,
Gamo Gofa,Kemba,SNNPR,ORG00000692,ORG00000708,2018,TEMF Import,4.7,0.5,,,,,,,,,,,
Gamo Gofa,Kucha,SNNPR,ORG00000692,ORG00000693,2018,TEMF Import,4.0,0.8,,,,,,,,,,,
Gamo Gofa,Melokoza,SNNPR,ORG00000692,ORG00000703,2018,TEMF Import,3.2,0.9,,,,,,,,,,,
Gamo Gofa,Mirab Abaya,SNNPR,ORG00000692,ORG00000709,2018,TEMF Import,3.3,0.7,,,,,,,,,,,
Gamo Gofa,Oyda,SNNPR,ORG00000692,ORG00000696,2018,TEMF Import,3.0,0.4,,,,,,,,,,,
Gamo Gofa,Sawla Town,SNNPR,ORG00000692,,2018,TEMF Import,,,,,,,,,,,,,
Gamo Gofa,Ubaderetsehay,SNNPR,ORG00000692,ORG00000702,2018,TEMF Import,0.4,0.4,,,,,,,,,,,
Gamo Gofa,Zala,SNNPR,ORG00000692,ORG00000707,2018,TEMF Import,3.2,1.2,,,,,,,,,,,
Gedio,Bulle,SNNPR,ORG00000710,ORG00000713,2018,TEMF Import,14.5,0.7,"50,049",52347,8627,8509,1313,775,,,,,121620
Gedio,Dilla Town,SNNPR,ORG00000710,ORG00000716,2018,TEMF Import,,,,,,,,,,,,,
Gedio,Dilla Zurya,SNNPR,ORG00000710,ORG00000714,2018,TEMF Import,14.5,0.7,"52,434",47920,6689,6385,1148,587,,,,,115163
Gedio,Gedeb,SNNPR,ORG00000710,ORG00000711,2018,TEMF Import,18.3,0.8,"60,236",64060,11089,10933,2102,1197,,,,,149617
Gedio,Kochere,SNNPR,ORG00000710,ORG00000715,2018,TEMF Import,18.3,0.8,"59,435",56749,9890,9494,1581,987,,,,,138136
Gedio,Wonago,SNNPR,ORG00000710,ORG00000712,2018,TEMF Import,14.5,0.7,"55,403",53140,10198,9369,1587,877,,,,,130574
Gedio,Yirgacheffe,SNNPR,ORG00000710,ORG00000717,2018,TEMF Import,18.3,0.8,"101,709",99967,14030,14027,2530,1370,,,,,233633
Gedio,Yirgacheffe Town,SNNPR,ORG00000710,ORG00000717,2018,TEMF Import,,,,,,,,,,,,,
Gurage,Abeshge,SNNPR,ORG00000719,ORG00000723,2018,TEMF Import,11.1,0.9,"27,423",29287,4073,4032,1069,437,,,,,66321
Gurage,Abeshge,SNNPR,ORG00000719,ORG00000723,2018,TEMF Import,,,,,,,,,,,,,
Gurage,Butajira Town,SNNPR,ORG00000719,ORG00000721,2018,TEMF Import,,,,,,,,,,,,,
Gurage,Cheha,SNNPR,ORG00000719,ORG00000729,2018,TEMF Import,11.0,2.2,"53,631",51633,7889,7766,1888,734,,,,,123541
Gurage,Enemorna Ener,SNNPR,ORG00000719,ORG00000730,2018,TEMF Import,13.8,2.3,"90,587",77140,14194,12201,2651,1360,,,,,198133
Gurage,Ezha,SNNPR,ORG00000719,ORG00000720,2018,TEMF Import,3.8,1.0,,,,,,,,,,,
Gurage,Gedebano Gutazer Welen (Kokir),SNNPR,ORG00000719,ORG00000724,2018,TEMF Import,15.4,1.6,"44,779",44262,8927,8402,1964,710,,,,,109044
Gurage,Geta,SNNPR,ORG00000719,ORG00000727,2018,TEMF Import,2.3,0.3,,,,,,,,,,,
Gurage,Gummer,SNNPR,ORG00000719,ORG00000728,2018,TEMF Import,2.3,0.3,,,,,,,,,,,
Gurage,Kebena,SNNPR,ORG00000719,ORG00000726,2018,TEMF Import,9.5,1.9,"20,791",21314,3795,3817,871,329,,,,,50917
Gurage,Mihur Aklil,SNNPR,ORG00000719,ORG00000725,2018,TEMF Import,2.0,1.4,,,,,,,,,,,
Gurage,Wolkite Town,SNNPR,ORG00000719,,2018,TEMF Import,,,,,,,,,,,,,
Hadiya,Anna Lemo,SNNPR,ORG00000731,,2018,TEMF Import,45.0,2.1,,31774,5281,5571,1079,512,,,,,75012
Hadiya,Duna,SNNPR,ORG00000731,ORG00000737,2018,TEMF Import,36.0,2.6,,53626,8733,8636,1746,801,,,,,130466
Hadiya,Gibe,SNNPR,ORG00000731,ORG00000740,2018,TEMF Import,45.0,2.1,,50360,7707,7563,1619,708,,,,,119440
Hadiya,Gobmora,SNNPR,ORG00000731,ORG00000739,2018,TEMF Import,36.0,2.6,,38673,6700,6204,1223,583,,,,,93172
Hadiya,Hossana Town,SNNPR,ORG00000731,ORG00000733,2018,TEMF Import,,,,,,,,,,,,,
Hadiya,Lemo,SNNPR,ORG00000731,ORG00000741,2018,TEMF Import,45.0,2.1,,55137,9000,8387,1725,754,,,,,131717
Hadiya,Mirab Badawacho,SNNPR,ORG00000731,ORG00000734,2018,TEMF Import,37.8,3.0,,38205,5490,5526,1273,439,,,,,90017
Hadiya,Misha,SNNPR,ORG00000731,ORG00000736,2018,TEMF Import,45.0,2.1,,50038,8147,7874,1525,653,,,,,121022
Hadiya,Misrak Badawacho,SNNPR,ORG00000731,ORG00000734,2018,TEMF Import,37.8,3.0,,85026,13570,14133,2521,1199,,,,,116449
Hadiya,Shashego,SNNPR,ORG00000731,ORG00000742,2018,TEMF Import,37.8,3.0,,51577,6953,7204,1619,671,,,,,119466
Hadiya,Soro,SNNPR,ORG00000731,ORG00000735,2018,TEMF Import,36.0,2.6,,82735,14202,13766,2762,1201,,,,,199539
Kafa,Adiyo,SNNPR,ORG00000743,ORG00000746,2018,TEMF Import,36.9,0.9,,,,,,,,,,,
Kafa,Bitta,SNNPR,ORG00000743,ORG00000750,2018,TEMF Import,36.9,0.9,,,,,,,,,,,
Kafa,Bonga,SNNPR,ORG00000743,ORG00000751,2018,TEMF Import,,,,,,,,,,,,,
Kafa,Chena,SNNPR,ORG00000743,ORG00000753,2018,TEMF Import,40.8,1.1,,,,,,,,,,,
Kafa,Cheta,SNNPR,ORG00000743,ORG00000753,2018,TEMF Import,36.9,0.9,,,,,,,,,,,
Kafa,Decha,SNNPR,ORG00000743,ORG00000749,2018,TEMF Import,36.9,0.9,,,,,,,,,,,
Kafa,Gesha,SNNPR,ORG00000743,ORG00000747,2018,TEMF Import,40.8,1.1,,,,,,,,,,,
Kafa,Gewata,SNNPR,ORG00000743,ORG00000752,2018,TEMF Import,40.8,1.1,,,,,,,,,,,
Kafa,Gimbo,SNNPR,ORG00000743,ORG00000754,2018,TEMF Import,40.8,1.1,,,,,,,,,,,
Kafa,Saylem,SNNPR,ORG00000743,ORG00000744,2018,TEMF Import,40.8,1.1,,,,,,,,,,,
Kafa,Tello,SNNPR,ORG00000743,ORG00000745,2018,TEMF Import,36.9,0.9,,,,,,,,,,,
Kembata Tembaro,Angecha,SNNPR,ORG00000755,ORG00000759,2018,TEMF Import,13.1,1.6,,43530,7434,7259,1568,784,,,,,104823
Kembata Tembaro,Damboya,SNNPR,ORG00000755,ORG00000763,2018,TEMF Import,11.6,0.6,,39407,7132,6562,1445,556,,,,,96166
Kembata Tembaro,Doyogena,SNNPR,ORG00000755,ORG00000760,2018,TEMF Import,12.6,0.3,,37663,5448,5851,1324,571,,,,,88978
Kembata Tembaro,Durame Town,SNNPR,ORG00000755,ORG00000758,2018,TEMF Import,,,,,,,,,,,,,
Kembata Tembaro,Hadero Tunto Zuria,SNNPR,ORG00000755,ORG00000757,2018,TEMF Import,9.8,2.0,,47644,8206,8109,1735,671,,,,,115841
Kembata Tembaro,Kacha Birra,SNNPR,ORG00000755,ORG00000756,2018,TEMF Import,14.1,0.9,,53359,9733,9593,1872,689,,,,,136210
Kembata Tembaro,Kedida Gamela,SNNPR,ORG00000755,ORG00000762,2018,TEMF Import,10.3,0.8,,42298,6966,6605,1472,569,,,,,102201
Kembata Tembaro,Tembaro,SNNPR,ORG00000755,ORG00000761,2018,TEMF Import,11.6,0.8,,56476,9054,8847,1901,871,,,,,133687
Segen,Alle,SNNPR,ORG00000764,ORG00000768,2018,TEMF Import,5.9,0.8,,30227,4999,4735,1073,567,,,,,73277
Segen,Amaro,SNNPR,ORG00000764,ORG00000767,2018,TEMF Import,46.6,2.5,,,,,,,,,,,
Segen,Burji,SNNPR,ORG00000764,ORG00000766,2018,TEMF Import,46.6,2.5,,,,,,,,,,,
Segen,Derashe,SNNPR,ORG00000764,ORG00000765,2018,TEMF Import,4.7,0.5,,,,,,,,,,,
Sheka,Andracha,SNNPR,ORG00000769,ORG00000770,2018,TEMF Import,12.0,0.7,,,,,,,,,,,
Sheka,Masha,SNNPR,ORG00000769,ORG00000774,2018,TEMF Import,12.0,0.7,,,,,,,,,,,
Sheka,Masha Town,SNNPR,ORG00000769,ORG00000773,2018,TEMF Import,,,,,,,,,,,,,
Sheka,Tepi Town,SNNPR,ORG00000769,ORG00000771,2018,TEMF Import,,,,,,,,,,,,,
Sheka,Yeki,SNNPR,ORG00000769,ORG00000772,2018,TEMF Import,12.0,0.7,,,,,,,,,,,
Sidama,Aleta Chuko (Chuko),SNNPR,ORG00000775,ORG00000782,2018,TEMF Import,22.7,0.5,,78637,10919,10318,2536,1156,,,,,186215
Sidama,Aleta Wendo Town,SNNPR,ORG00000775,ORG00000777,2018,TEMF Import,,,,,,,,,,,,,
Sidama,Aleta Wondo,SNNPR,ORG00000775,ORG00000789,2018,TEMF Import,22.7,0.5,,71539,8771,8290,2129,873,,,,,165342
Sidama,Arbegona,SNNPR,ORG00000775,ORG00000776,2018,TEMF Import,17.4,0.1,,61019,9497,8788,2112,1082,,,,,145548
Sidama,Aroressa,SNNPR,ORG00000775,ORG00000783,2018,TEMF Import,27.7,0.4,,94356,14243,14224,2553,1347,,,,,214202
Sidama,Bensa,SNNPR,ORG00000775,ORG00000779,2018,TEMF Import,27.7,0.4,,119502,17387,16535,4336,1968,,,,,281321
Sidama,Bona Zurya,SNNPR,ORG00000775,ORG00000781,2018,TEMF Import,17.4,0.1,,59008,8134,7281,1951,1088,,,,,140616
Sidama,Boricha,SNNPR,ORG00000775,ORG00000788,2018,TEMF Import,39.5,1.1,,106952,12927,12430,2706,1508,,,,,246274
Sidama,Bursa,SNNPR,ORG00000775,ORG00000780,2018,TEMF Import,17.4,0.1,,51203,8091,7649,1459,854,,,,,121880
Sidama,Chire,SNNPR,ORG00000775,ORG00000785,2018,TEMF Import,17.4,0.1,,60587,8134,7281,1806,953,,,,,140539
Sidama,Dale,SNNPR,ORG00000775,ORG00000784,2018,TEMF Import,30.6,1.6,,99112,10834,10960,2874,1317,,,,,223839
Sidama,Dara,SNNPR,ORG00000775,ORG00000790,2018,TEMF Import,22.7,0.5,,74736,11237,10510,2349,1213,,,,,178968
Sidama,Gorche,SNNPR,ORG00000775,ORG00000787,2018,TEMF Import,6.3,0.1,,,,,,,,,,,
Sidama,Hawasa Zuria,SNNPR,ORG00000775,ORG00000786,2018,TEMF Import,39.5,1.1,,61862,7402,7711,1539,696,,,,,140187
Sidama,Hawassa City Aministration,SNNPR,ORG00000775,ORG00000778,2018,TEMF Import,,,,,,,,,,,,,
Sidama,Hula,SNNPR,ORG00000775,ORG00000795,2018,TEMF Import,10.3,,,50003,18900,16839,2140,1012,,,,,144699
Sidama,Loka Abaya,SNNPR,ORG00000775,ORG00000791,2018,TEMF Import,22.7,0.5,,54586,7613,7351,1556,820,,,,,126967
Sidama,Malega,SNNPR,ORG00000775,ORG00000794,2018,TEMF Import,11.8,0.3,,43755,11062,11105,1650,702,,,,,111185
Sidama,Shebedino,SNNPR,ORG00000775,ORG00000796,2018,TEMF Import,30.6,1.6,,112945,11431,11206,3330,1408,,,,,252319
Sidama,Wendo Genet,SNNPR,ORG00000775,ORG00000792,2018,TEMF Import,39.5,1.1,,62377,10663,9979,1666,959,,,,,150324
Sidama,Wonsho,SNNPR,ORG00000775,ORG00000793,2018,TEMF Import,13.6,0.3,,41483,9958,9362,1245,677,,,,,104879
Sidama,Yirgalem town,SNNPR,ORG00000775,ORG00000797,2018,TEMF Import,,,,,,,,,,,,,
Silti,Alicho wuriro,SNNPR,ORG00000798,ORG00000803,2018,TEMF Import,26.4,0.8,,41405,8029,7159,0,0,,,,,100324
Silti,Dalocha,SNNPR,ORG00000798,ORG00000799,2018,TEMF Import,27.0,2.0,,44362,7168,6917,1499,918,,,,,105215
Silti,Dalocha,SNNPR,ORG00000798,ORG00000799,2018,TEMF Import,,,,,,,,,,,,,
Silti,Hulbarg,SNNPR,ORG00000798,ORG00000802,2018,TEMF Import,26.4,0.8,,5909,34445,34518,0,0,,,,,80894
Silti,Lanforo,SNNPR,ORG00000798,ORG00000805,2018,TEMF Import,27.0,2.0,,57011,11312,10896,2236,1457,,,,,142929
Silti,Lanforo,SNNPR,ORG00000798,ORG00000805,2018,TEMF Import,,,,,,,,,,,,,
Silti,Mirab Azerenert Berbere,SNNPR,ORG00000798,ORG00000800,2018,TEMF Import,26.4,0.8,,6018,31967,29866,0,0,,,,,74571
Silti,Misirak Azerenert Berbere,SNNPR,ORG00000798,ORG00000800,2018,TEMF Import,26.4,0.8,,3972,30792,24351,0,0,,,,,63567
Silti,Sankura,SNNPR,ORG00000798,ORG00000807,2018,TEMF Import,26.4,0.8,,39414,5797,5570,1350,725,,,,,93878
Silti,Silti,SNNPR,ORG00000798,ORG00000804,2018,TEMF Import,27.0,2.0,,81203,12872,12368,3410,1137,,,,,195508
Silti,Worabe,SNNPR,ORG00000798,ORG00000801,2018,TEMF Import,,,,,,,,,,,,,
South Omo,BenaTsemay,SNNPR,ORG00000808,ORG00000817,2018,TEMF Import,20.2,1.1,,21515,4912,4987,835,432,,,,,55230
South Omo,Dasenech,SNNPR,ORG00000808,ORG00000812,2018,TEMF Import,20.2,1.1,,22478,4206,4611,1148,513,,,,,55256
South Omo,Hammer,SNNPR,ORG00000808,ORG00000810,2018,TEMF Import,25.5,0.6,,27288,4799,4521,1116,520,,,,,66379
South Omo,Jinka Town,SNNPR,ORG00000808,ORG00000809,2018,TEMF Import,,,,,,,,,,,,,
South Omo,Malie,SNNPR,ORG00000808,ORG00000816,2018,TEMF Import,20.2,1.1,,42381,8209,8480,1725,625,,,,,103358
South Omo,Semen Aari,SNNPR,ORG00000808,,2018,TEMF Import,3.7,0.4,,,,,,,,,,,
South Omo,Nyngatom,SNNPR,ORG00000808,ORG00000814,2018,TEMF Import,20.2,1.1,,1727,1732,1648,7458,7948,,,,,22457
South Omo,Salamago,SNNPR,ORG00000808,ORG00000811,2018,TEMF Import,25.5,0.6,,8258,2175,2549,4483,4732,,,,,31339
South Omo,Debub Aari,SNNPR,ORG00000808,,2018,TEMF Import,3.0,0.2,,,,,,,,,,,
Special,Basketo,SNNPR,ORG00000818,ORG00000820,2018,TEMF Import,25.5,0.6,,,,,,,,,,,
Special,Halaba Rural,SNNPR,ORG00000818,ORG00000823,2018,TEMF Import,13.5,0.3,,106224,17419,18419,3248,1545,,,,,255083
Special,Halaba Town,SNNPR,ORG00000818,ORG00000824,2018,TEMF Import,,,,,,,,,,,,,
Special,Konta,SNNPR,ORG00000818,,2018,TEMF Import,34.2,2.2,,,,,,,,,,,
Special,Konso,SNNPR,ORG00000818,ORG00000819,2018,TEMF Import,35.6,1.0,,98439,16861,16775,5042,2046,,,,,247941
Special,Yem,SNNPR,ORG00000818,ORG00000821,2018,TEMF Import,37.8,3.0,,27150,4535,4391,2762,1201,,,,,68639
Gurage,Endegagn,SNNPR,ORG00000825,ORG00000826,2018,TEMF Import,6.5,0.7,,16398,2991,2812,598,310,,,,,41592
Wolayita,Areka Town,SNNPR,ORG00000827,ORG00000830,2018,TEMF Import,,,,,,,,,,,,,
Wolayita,Boditi Town,SNNPR,ORG00000827,ORG00000831,2018,TEMF Import,,,,,,,,,,,,,
Wolayita,Boloso Bombe,SNNPR,ORG00000827,ORG00000842,2018,TEMF Import,9.1,1.8,,46784,8016,7720,1871,703,,,,,112910
Wolayita,Boloso Sore,SNNPR,ORG00000827,ORG00000838,2018,TEMF Import,15.4,1.7,,81598,13436,12732,3154,1265,,,,,195807
Wolayita,Damot Gale,SNNPR,ORG00000827,ORG00000840,2018,TEMF Import,10.4,1.5,,47406,7846,7935,2319,806,,,,,113888
Wolayita,Damot Pullassa,SNNPR,ORG00000827,ORG00000835,2018,TEMF Import,25.4,2.0,,47002,8735,7760,1918,767,,,,,116357
Wolayita,Damot Sore,SNNPR,ORG00000827,ORG00000828,2018,TEMF Import,15.5,1.5,,51880,8653,8367,1925,813,,,,,123460
Wolayita,Damot Woyde,SNNPR,ORG00000827,ORG00000833,2018,TEMF Import,6.2,1.0,,43594,7094,7015,1793,669,,,,,104173
Wolayita,Duguna Fango,SNNPR,ORG00000827,ORG00000834,2018,TEMF Import,12.1,0.9,,48049,8280,7992,2012,710,,,,,115472
Wolayita,Humbo,SNNPR,ORG00000827,ORG00000836,2018,TEMF Import,4.0,0.7,,,,,,,,,,,
Wolayita,Kindo Didaye,SNNPR,ORG00000827,ORG00000839,2018,TEMF Import,11.4,0.5,,53526,8547,8037,1949,680,,,,,126943
Wolayita,Kindo Koysha,SNNPR,ORG00000827,ORG00000841,2018,TEMF Import,4.3,0.9,,,,,,,,,,,
Wolayita,Offa,SNNPR,ORG00000827,ORG00000829,2018,TEMF Import,2.4,0.2,,,,,,,,,,,
Wolayita,Soddo Town,SNNPR,ORG00000827,ORG00000837,2018,TEMF Import,,,,,,,,,,,,,
Wolayita,Soddo Zuria,SNNPR,ORG00000827,ORG00000832,2018,TEMF Import,19.3,2.4,,58498,8071,8330,2271,802,,,,,137232
,,,,,,,,,,,,,,,,,,,
,,,,,,,,,,,,,,,,,,,
,,,,,,,,,,,,,,,,,,,
,,,,,,,,,,,,,,,,,,,
,,,,,,,,,,,,,,,,,,,
,,,,,,,,,,,,,,,,,,,
,,,,,,,,,,,,,,,,,,,
,,,,,,,,,,,,,,,,,,,
,,,,,,,,,,,,,,,,,,,